customer_id,attribute,value,valid_from,valid_to,knowledge_from,knowledge_to
CUST0000,risk_tier,A,2020-01-01,2022-09-05,2020-01-01,2200-01-01
CUST0000,risk_tier,C,2022-09-05,2022-10-01,2022-09-17,2200-01-01
CUST0000,risk_tier,C,2022-10-01,2024-12-31,2022-10-27,2200-01-01
CUST0000,sector,Industrials,2020-01-01,2021-06-30,2020-01-21,2200-01-01
CUST0000,sector,Industrials,2021-06-30,2022-07-16,2021-07-28,2200-01-01
CUST0000,sector,Technology,2022-07-16,2023-01-30,2022-07-31,2200-01-01
CUST0000,sector,Financials,2023-01-30,2024-12-31,2023-02-17,2200-01-01
CUST0001,risk_tier,A,2020-01-01,2020-05-08,2020-01-21,2200-01-01
CUST0001,risk_tier,A,2020-05-08,2024-12-31,2020-05-24,2200-01-01
CUST0001,sector,Materials,2020-01-01,2020-06-22,2020-01-27,2200-01-01
CUST0001,sector,Technology,2020-06-22,2023-08-21,2020-06-22,2024-07-12
CUST0001,sector,Technology,2020-06-22,2021-07-31,2024-07-12,2200-01-01
CUST0001,sector,Energy,2021-07-31,2022-11-05,2024-07-12,2200-01-01
CUST0001,sector,Technology,2022-11-05,2023-08-21,2024-07-12,2200-01-01
CUST0001,sector,Industrials,2023-08-21,2024-12-31,2023-09-06,2200-01-01
CUST0002,risk_tier,A,2020-01-01,2023-04-22,2020-01-17,2200-01-01
CUST0002,risk_tier,B,2023-04-22,2023-05-17,2023-05-03,2200-01-01
CUST0002,risk_tier,C,2023-05-17,2023-12-17,2023-05-26,2200-01-01
CUST0002,risk_tier,C,2023-12-17,2024-12-31,2023-12-30,2200-01-01
CUST0002,sector,Healthcare,2020-01-01,2021-06-10,2020-01-25,2200-01-01
CUST0002,sector,Healthcare,2021-06-10,2022-12-28,2021-07-10,2200-01-01
CUST0002,sector,Materials,2022-12-28,2024-12-31,2023-01-08,2200-01-01
CUST0003,risk_tier,B,2020-01-01,2022-07-05,2020-01-13,2200-01-01
CUST0003,risk_tier,C,2022-07-05,2024-12-31,2022-07-15,2200-01-01
CUST0003,sector,Materials,2020-01-01,2023-06-09,2020-01-21,2200-01-01
CUST0003,sector,Energy,2023-06-09,2024-03-05,2023-06-26,2200-01-01
CUST0003,sector,Healthcare,2024-03-05,2024-12-31,2024-03-12,2200-01-01
CUST0004,risk_tier,C,2020-01-01,2020-12-23,2020-01-08,2200-01-01
CUST0004,risk_tier,C,2020-12-23,2024-01-18,2021-01-15,2200-01-01
CUST0004,risk_tier,C,2024-01-18,2024-12-31,2024-01-19,2200-01-01
CUST0004,sector,Industrials,2020-01-01,2021-04-23,2020-01-25,2200-01-01
CUST0004,sector,Healthcare,2021-04-23,2021-06-20,2021-05-02,2200-01-01
CUST0004,sector,Financials,2021-06-20,2023-06-02,2021-06-27,2200-01-01
CUST0004,sector,Healthcare,2023-06-02,2024-12-31,2023-06-26,2026-02-05
CUST0004,sector,Technology,2023-06-02,2024-12-31,2026-02-05,2200-01-01
CUST0005,risk_tier,B,2020-01-01,2021-03-10,2020-01-24,2200-01-01
CUST0005,risk_tier,A,2021-03-10,2023-08-10,2021-04-07,2200-01-01
CUST0005,risk_tier,B,2023-08-10,2024-05-27,2023-08-22,2200-01-01
CUST0005,risk_tier,B,2024-05-27,2024-12-31,2024-06-09,2200-01-01
CUST0005,sector,Materials,2020-01-01,2022-01-28,2020-01-18,2200-01-01
CUST0005,sector,Industrials,2022-01-28,2024-08-21,2022-02-24,2200-01-01
CUST0005,sector,Energy,2024-08-21,2024-12-31,2024-08-30,2200-01-01
CUST0006,risk_tier,C,2020-01-01,2022-04-26,2020-01-13,2200-01-01
CUST0006,risk_tier,C,2022-04-26,2024-12-31,2022-05-11,2200-01-01
CUST0006,sector,Industrials,2020-01-01,2021-03-05,2020-01-20,2200-01-01
CUST0006,sector,Healthcare,2021-03-05,2024-06-15,2021-03-15,2200-01-01
CUST0006,sector,Materials,2024-06-15,2024-12-31,2024-07-15,2200-01-01
CUST0007,risk_tier,A,2020-01-01,2020-10-28,2020-01-31,2200-01-01
CUST0007,risk_tier,C,2020-10-28,2024-12-31,2020-11-25,2200-01-01
CUST0007,sector,Industrials,2020-01-01,2021-04-28,2020-01-23,2200-01-01
CUST0007,sector,Healthcare,2021-04-28,2022-08-13,2021-05-21,2200-01-01
CUST0007,sector,Technology,2022-08-13,2024-12-31,2022-09-04,2200-01-01
CUST0008,risk_tier,A,2020-01-01,2021-04-27,2020-01-25,2200-01-01
CUST0008,risk_tier,A,2021-04-27,2023-11-19,2021-05-01,2200-01-01
CUST0008,risk_tier,C,2023-11-19,2024-12-31,2023-12-17,2200-01-01
CUST0008,sector,Industrials,2020-01-01,2020-05-23,2020-01-12,2200-01-01
CUST0008,sector,Materials,2020-05-23,2024-02-04,2020-05-27,2200-01-01
CUST0008,sector,Financials,2024-02-04,2024-07-05,2024-02-20,2200-01-01
CUST0008,sector,Materials,2024-07-05,2024-12-31,2024-08-04,2200-01-01
CUST0009,risk_tier,C,2020-01-01,2020-09-21,2020-01-16,2200-01-01
CUST0009,risk_tier,A,2020-09-21,2024-12-31,2020-10-18,2200-01-01
CUST0009,sector,Industrials,2020-01-01,2021-06-23,2020-01-26,2200-01-01
CUST0009,sector,Materials,2021-06-23,2022-03-04,2021-07-15,2200-01-01
CUST0009,sector,Financials,2022-03-04,2022-08-29,2022-03-09,2200-01-01
CUST0009,sector,Industrials,2022-08-29,2024-12-31,2022-09-17,2026-02-19
CUST0009,sector,Healthcare,2022-08-29,2024-12-31,2026-02-19,2200-01-01
CUST0010,risk_tier,A,2020-01-01,2024-03-03,2020-01-04,2200-01-01
CUST0010,risk_tier,A,2024-03-03,2024-12-31,2024-03-06,2200-01-01
CUST0010,sector,Industrials,2020-01-01,2020-08-12,2020-01-14,2200-01-01
CUST0010,sector,Energy,2020-08-12,2021-06-26,2020-09-08,2200-01-01
CUST0010,sector,Healthcare,2021-06-26,2022-06-20,2021-07-25,2023-03-28
CUST0010,sector,Healthcare,2021-06-26,2021-10-29,2023-03-28,2200-01-01
CUST0010,sector,Technology,2021-10-29,2022-03-22,2023-03-28,2200-01-01
CUST0010,sector,Healthcare,2022-03-22,2022-06-20,2023-03-28,2200-01-01
CUST0010,sector,Technology,2022-06-20,2024-12-31,2022-06-24,2200-01-01
CUST0011,risk_tier,A,2020-01-01,2023-01-13,2020-01-01,2200-01-01
CUST0011,risk_tier,B,2023-01-13,2023-05-26,2023-02-08,2200-01-01
CUST0011,risk_tier,A,2023-05-26,2024-06-23,2023-06-24,2200-01-01
CUST0011,risk_tier,B,2024-06-23,2024-12-31,2024-06-27,2200-01-01
CUST0011,sector,Financials,2020-01-01,2021-07-28,2020-01-15,2200-01-01
CUST0011,sector,Financials,2021-07-28,2022-11-12,2021-08-05,2200-01-01
CUST0011,sector,Industrials,2022-11-12,2023-10-18,2022-11-26,2200-01-01
CUST0011,sector,Energy,2023-10-18,2024-12-31,2023-10-30,2200-01-01
CUST0012,risk_tier,C,2020-01-01,2021-07-06,2020-01-25,2200-01-01
CUST0012,risk_tier,B,2021-07-06,2022-08-05,2021-07-09,2200-01-01
CUST0012,risk_tier,C,2022-08-05,2024-12-31,2022-08-06,2200-01-01
CUST0012,sector,Energy,2020-01-01,2020-07-04,2020-01-27,2021-02-12
CUST0012,sector,Energy,2020-01-01,2020-03-05,2021-02-12,2200-01-01
CUST0012,sector,Technology,2020-03-05,2020-05-18,2021-02-12,2200-01-01
CUST0012,sector,Energy,2020-05-18,2020-07-04,2021-02-12,2200-01-01
CUST0012,sector,Financials,2020-07-04,2022-01-31,2020-07-29,2200-01-01
CUST0012,sector,Financials,2022-01-31,2024-04-06,2022-02-03,2200-01-01
CUST0012,sector,Healthcare,2024-04-06,2024-12-31,2024-04-06,2200-01-01
CUST0013,risk_tier,B,2020-01-01,2021-01-14,2020-01-31,2200-01-01
CUST0013,risk_tier,B,2021-01-14,2024-02-20,2021-02-05,2200-01-01
CUST0013,risk_tier,B,2024-02-20,2024-12-31,2024-02-29,2200-01-01
CUST0013,sector,Healthcare,2020-01-01,2020-08-01,2020-01-31,2200-01-01
CUST0013,sector,Technology,2020-08-01,2022-02-02,2020-08-22,2023-01-20
CUST0013,sector,Technology,2020-08-01,2021-02-09,2023-01-20,2200-01-01
CUST0013,sector,Materials,2021-02-09,2021-09-17,2023-01-20,2200-01-01
CUST0013,sector,Technology,2021-09-17,2022-02-02,2023-01-20,2200-01-01
CUST0013,sector,Healthcare,2022-02-02,2022-05-22,2022-02-26,2200-01-01
CUST0013,sector,Healthcare,2022-05-22,2024-12-31,2022-05-22,2200-01-01
CUST0014,risk_tier,C,2020-01-01,2022-10-11,2020-01-27,2200-01-01
CUST0014,risk_tier,C,2022-10-11,2024-06-21,2022-11-10,2200-01-01
CUST0014,risk_tier,B,2024-06-21,2024-12-31,2024-06-28,2200-01-01
CUST0014,sector,Technology,2020-01-01,2021-02-12,2020-01-09,2200-01-01
CUST0014,sector,Materials,2021-02-12,2024-12-31,2021-03-09,2200-01-01
CUST0015,risk_tier,C,2020-01-01,2022-10-03,2020-01-17,2200-01-01
CUST0015,risk_tier,A,2022-10-03,2023-05-27,2022-10-26,2200-01-01
CUST0015,risk_tier,C,2023-05-27,2024-12-31,2023-06-12,2200-01-01
CUST0015,sector,Industrials,2020-01-01,2020-10-12,2020-01-06,2200-01-01
CUST0015,sector,Financials,2020-10-12,2020-12-09,2020-11-02,2200-01-01
CUST0015,sector,Financials,2020-12-09,2024-12-31,2020-12-21,2200-01-01
CUST0016,risk_tier,A,2020-01-01,2022-08-12,2020-01-07,2200-01-01
CUST0016,risk_tier,B,2022-08-12,2022-11-17,2022-09-01,2200-01-01
CUST0016,risk_tier,C,2022-11-17,2024-07-03,2022-12-04,2200-01-01
CUST0016,risk_tier,B,2024-07-03,2024-12-31,2024-07-31,2200-01-01
CUST0016,sector,Energy,2020-01-01,2020-09-17,2020-01-02,2200-01-01
CUST0016,sector,Materials,2020-09-17,2024-12-31,2020-10-04,2026-03-07
CUST0016,sector,Energy,2020-09-17,2024-12-31,2026-03-07,2200-01-01
CUST0017,risk_tier,C,2020-01-01,2020-09-15,2020-01-19,2200-01-01
CUST0017,risk_tier,C,2020-09-15,2021-07-01,2020-10-13,2200-01-01
CUST0017,risk_tier,A,2021-07-01,2023-06-19,2021-07-05,2200-01-01
CUST0017,risk_tier,B,2023-06-19,2024-12-31,2023-07-12,2200-01-01
CUST0017,sector,Industrials,2020-01-01,2024-02-25,2020-01-18,2025-06-17
CUST0017,sector,Industrials,2020-01-01,2021-06-14,2025-06-17,2200-01-01
CUST0017,sector,Technology,2021-06-14,2023-02-11,2025-06-17,2200-01-01
CUST0017,sector,Industrials,2023-02-11,2024-02-25,2025-06-17,2200-01-01
CUST0017,sector,Energy,2024-02-25,2024-06-28,2024-03-19,2200-01-01
CUST0017,sector,Healthcare,2024-06-28,2024-12-31,2024-07-07,2200-01-01
CUST0018,risk_tier,C,2020-01-01,2020-10-24,2020-01-15,2200-01-01
CUST0018,risk_tier,A,2020-10-24,2024-12-31,2020-11-16,2200-01-01
CUST0018,sector,Industrials,2020-01-01,2020-11-17,2020-01-21,2200-01-01
CUST0018,sector,Industrials,2020-11-17,2021-07-11,2020-12-06,2022-08-17
CUST0018,sector,Healthcare,2020-11-17,2021-07-11,2022-08-17,2200-01-01
CUST0018,sector,Technology,2021-07-11,2024-04-13,2021-08-10,2200-01-01
CUST0018,sector,Materials,2024-04-13,2024-12-31,2024-04-28,2200-01-01
CUST0019,risk_tier,A,2020-01-01,2024-06-29,2020-01-21,2200-01-01
CUST0019,risk_tier,C,2024-06-29,2024-12-31,2024-07-13,2200-01-01
CUST0019,sector,Industrials,2020-01-01,2023-04-19,2020-01-09,2200-01-01
CUST0019,sector,Industrials,2023-04-19,2023-09-29,2023-04-25,2200-01-01
CUST0019,sector,Energy,2023-09-29,2024-12-31,2023-10-21,2025-08-16
CUST0019,sector,Materials,2023-09-29,2024-12-31,2025-08-16,2026-07-05
CUST0019,sector,Industrials,2023-09-29,2024-12-31,2026-07-05,2200-01-01
CUST0020,risk_tier,C,2020-01-01,2020-05-08,2020-01-22,2200-01-01
CUST0020,risk_tier,C,2020-05-08,2020-10-31,2020-05-17,2200-01-01
CUST0020,risk_tier,A,2020-10-31,2022-06-05,2020-11-24,2200-01-01
CUST0020,risk_tier,C,2022-06-05,2024-12-31,2022-07-04,2200-01-01
CUST0020,sector,Healthcare,2020-01-01,2022-03-25,2020-01-17,2200-01-01
CUST0020,sector,Materials,2022-03-25,2022-12-08,2022-04-19,2200-01-01
CUST0020,sector,Materials,2022-12-08,2023-11-04,2022-12-10,2025-03-16
CUST0020,sector,Materials,2022-12-08,2023-04-02,2025-03-16,2200-01-01
CUST0020,sector,Technology,2023-04-02,2023-08-13,2025-03-16,2200-01-01
CUST0020,sector,Materials,2023-08-13,2023-11-04,2025-03-16,2200-01-01
CUST0020,sector,Industrials,2023-11-04,2024-12-31,2023-11-15,2200-01-01
CUST0021,risk_tier,A,2020-01-01,2021-08-11,2020-01-22,2200-01-01
CUST0021,risk_tier,A,2021-08-11,2023-07-19,2021-08-20,2200-01-01
CUST0021,risk_tier,B,2023-07-19,2024-12-31,2023-08-13,2200-01-01
CUST0021,sector,Technology,2020-01-01,2021-09-20,2020-01-13,2022-05-30
CUST0021,sector,Technology,2020-01-01,2020-08-07,2022-05-30,2200-01-01
CUST0021,sector,Industrials,2020-08-07,2021-04-16,2022-05-30,2200-01-01
CUST0021,sector,Technology,2021-04-16,2021-09-20,2022-05-30,2200-01-01
CUST0021,sector,Healthcare,2021-09-20,2022-12-14,2021-10-03,2200-01-01
CUST0021,sector,Healthcare,2022-12-14,2023-04-27,2022-12-30,2200-01-01
CUST0021,sector,Financials,2023-04-27,2024-12-31,2023-05-14,2200-01-01
CUST0022,risk_tier,B,2020-01-01,2022-02-14,2020-01-29,2200-01-01
CUST0022,risk_tier,C,2022-02-14,2024-07-15,2022-02-19,2200-01-01
CUST0022,risk_tier,B,2024-07-15,2024-12-31,2024-07-29,2200-01-01
CUST0022,sector,Industrials,2020-01-01,2024-07-29,2020-01-01,2200-01-01
CUST0022,sector,Materials,2024-07-29,2024-12-31,2024-08-11,2200-01-01
CUST0023,risk_tier,A,2020-01-01,2022-10-18,2020-01-03,2200-01-01
CUST0023,risk_tier,B,2022-10-18,2024-02-25,2022-11-01,2200-01-01
CUST0023,risk_tier,C,2024-02-25,2024-12-31,2024-03-10,2200-01-01
CUST0023,sector,Industrials,2020-01-01,2024-01-24,2020-01-29,2200-01-01
CUST0023,sector,Financials,2024-01-24,2024-12-31,2024-02-02,2200-01-01
CUST0024,risk_tier,B,2020-01-01,2021-11-05,2020-01-23,2200-01-01
CUST0024,risk_tier,B,2021-11-05,2022-11-10,2021-11-24,2200-01-01
CUST0024,risk_tier,A,2022-11-10,2023-11-21,2022-11-27,2200-01-01
CUST0024,risk_tier,A,2023-11-21,2024-12-31,2023-11-24,2200-01-01
CUST0024,sector,Energy,2020-01-01,2022-03-08,2020-01-10,2023-07-01
CUST0024,sector,Technology,2020-01-01,2022-03-08,2023-07-01,2200-01-01
CUST0024,sector,Healthcare,2022-03-08,2024-12-31,2022-03-26,2200-01-01
CUST0025,risk_tier,A,2020-01-01,2023-06-21,2020-01-31,2200-01-01
CUST0025,risk_tier,A,2023-06-21,2024-12-31,2023-06-26,2200-01-01
CUST0025,sector,Materials,2020-01-01,2021-06-05,2020-01-06,2200-01-01
CUST0025,sector,Technology,2021-06-05,2022-08-18,2021-06-14,2200-01-01
CUST0025,sector,Healthcare,2022-08-18,2023-10-08,2022-08-30,2200-01-01
CUST0025,sector,Financials,2023-10-08,2024-12-31,2023-10-30,2025-08-30
CUST0025,sector,Healthcare,2023-10-08,2024-12-31,2025-08-30,2026-09-23
CUST0025,sector,Industrials,2023-10-08,2024-12-31,2026-09-23,2200-01-01
CUST0026,risk_tier,C,2020-01-01,2021-10-03,2020-01-09,2200-01-01
CUST0026,risk_tier,B,2021-10-03,2023-02-17,2021-10-18,2200-01-01
CUST0026,risk_tier,A,2023-02-17,2024-12-31,2023-03-06,2200-01-01
CUST0026,sector,Energy,2020-01-01,2021-01-01,2020-01-06,2200-01-01
CUST0026,sector,Materials,2021-01-01,2022-10-08,2021-01-22,2200-01-01
CUST0026,sector,Materials,2022-10-08,2024-01-21,2022-10-14,2200-01-01
CUST0026,sector,Industrials,2024-01-21,2024-12-31,2024-01-31,2026-02-06
CUST0026,sector,Healthcare,2024-01-21,2024-12-31,2026-02-06,2200-01-01
CUST0027,risk_tier,A,2020-01-01,2021-04-16,2020-01-23,2200-01-01
CUST0027,risk_tier,A,2021-04-16,2023-03-18,2021-05-15,2200-01-01
CUST0027,risk_tier,C,2023-03-18,2023-09-16,2023-04-07,2200-01-01
CUST0027,risk_tier,B,2023-09-16,2024-12-31,2023-10-08,2200-01-01
CUST0027,sector,Industrials,2020-01-01,2023-02-10,2020-01-28,2200-01-01
CUST0027,sector,Energy,2023-02-10,2024-12-31,2023-02-15,2200-01-01
CUST0028,risk_tier,C,2020-01-01,2020-08-15,2020-01-10,2200-01-01
CUST0028,risk_tier,C,2020-08-15,2020-12-26,2020-08-20,2200-01-01
CUST0028,risk_tier,A,2020-12-26,2021-11-17,2021-01-17,2200-01-01
CUST0028,risk_tier,A,2021-11-17,2024-12-31,2021-11-29,2200-01-01
CUST0028,sector,Technology,2020-01-01,2020-08-24,2020-01-19,2200-01-01
CUST0028,sector,Industrials,2020-08-24,2021-08-16,2020-09-05,2200-01-01
CUST0028,sector,Energy,2021-08-16,2024-12-31,2021-09-04,2200-01-01
CUST0029,risk_tier,C,2020-01-01,2021-02-25,2020-01-15,2200-01-01
CUST0029,risk_tier,A,2021-02-25,2022-07-19,2021-03-11,2200-01-01
CUST0029,risk_tier,C,2022-07-19,2024-12-31,2022-07-31,2200-01-01
CUST0029,sector,Financials,2020-01-01,2021-07-21,2020-01-15,2022-03-31
CUST0029,sector,Healthcare,2020-01-01,2021-07-21,2022-03-31,2200-01-01
CUST0029,sector,Technology,2021-07-21,2021-08-15,2021-08-17,2200-01-01
CUST0029,sector,Energy,2021-08-15,2021-10-21,2021-08-22,2200-01-01
CUST0029,sector,Materials,2021-10-21,2024-12-31,2021-10-28,2200-01-01
CUST0030,risk_tier,C,2020-01-01,2020-11-29,2020-01-15,2200-01-01
CUST0030,risk_tier,C,2020-11-29,2021-01-11,2020-12-20,2200-01-01
CUST0030,risk_tier,B,2021-01-11,2022-02-03,2021-02-05,2200-01-01
CUST0030,risk_tier,A,2022-02-03,2024-12-31,2022-02-07,2200-01-01
CUST0030,sector,Industrials,2020-01-01,2021-05-01,2020-01-10,2200-01-01
CUST0030,sector,Financials,2021-05-01,2022-11-09,2021-05-11,2200-01-01
CUST0030,sector,Technology,2022-11-09,2023-07-27,2022-11-28,2200-01-01
CUST0030,sector,Industrials,2023-07-27,2024-12-31,2023-08-12,2025-06-05
CUST0030,sector,Healthcare,2023-07-27,2024-12-31,2025-06-05,2026-04-03
CUST0030,sector,Energy,2023-07-27,2024-12-31,2026-04-03,2200-01-01
CUST0031,risk_tier,C,2020-01-01,2021-03-15,2020-01-29,2200-01-01
CUST0031,risk_tier,A,2021-03-15,2022-01-16,2021-03-25,2200-01-01
CUST0031,risk_tier,A,2022-01-16,2024-04-20,2022-02-01,2200-01-01
CUST0031,risk_tier,A,2024-04-20,2024-12-31,2024-05-20,2200-01-01
CUST0031,sector,Financials,2020-01-01,2022-09-22,2020-01-26,2200-01-01
CUST0031,sector,Healthcare,2022-09-22,2023-05-27,2022-09-25,2200-01-01
CUST0031,sector,Materials,2023-05-27,2023-12-12,2023-06-01,2025-03-14
CUST0031,sector,Healthcare,2023-05-27,2023-12-12,2025-03-14,2200-01-01
CUST0031,sector,Energy,2023-12-12,2024-12-31,2023-12-28,2200-01-01
CUST0032,risk_tier,A,2020-01-01,2022-04-12,2020-01-05,2200-01-01
CUST0032,risk_tier,C,2022-04-12,2023-12-13,2022-04-23,2200-01-01
CUST0032,risk_tier,B,2023-12-13,2024-07-29,2023-12-15,2200-01-01
CUST0032,risk_tier,B,2024-07-29,2024-12-31,2024-08-14,2200-01-01
CUST0032,sector,Materials,2020-01-01,2021-06-21,2020-01-19,2200-01-01
CUST0032,sector,Energy,2021-06-21,2021-12-10,2021-07-13,2200-01-01
CUST0032,sector,Financials,2021-12-10,2023-12-03,2022-01-05,2200-01-01
CUST0032,sector,Materials,2023-12-03,2024-12-31,2024-01-02,2200-01-01
CUST0033,risk_tier,C,2020-01-01,2021-11-03,2020-01-25,2200-01-01
CUST0033,risk_tier,A,2021-11-03,2022-12-26,2021-11-25,2200-01-01
CUST0033,risk_tier,B,2022-12-26,2024-12-31,2023-01-19,2200-01-01
CUST0033,sector,Technology,2020-01-01,2021-04-22,2020-01-01,2200-01-01
CUST0033,sector,Energy,2021-04-22,2021-06-28,2021-05-12,2022-07-20
CUST0033,sector,Industrials,2021-04-22,2021-06-28,2022-07-20,2200-01-01
CUST0033,sector,Energy,2021-06-28,2023-09-10,2021-07-07,2200-01-01
CUST0033,sector,Energy,2023-09-10,2024-12-31,2023-10-03,2200-01-01
CUST0034,risk_tier,A,2020-01-01,2023-03-26,2020-01-03,2200-01-01
CUST0034,risk_tier,B,2023-03-26,2024-12-31,2023-04-21,2200-01-01
CUST0034,sector,Technology,2020-01-01,2022-05-01,2020-01-16,2200-01-01
CUST0034,sector,Healthcare,2022-05-01,2022-11-04,2022-05-22,2200-01-01
CUST0034,sector,Technology,2022-11-04,2024-12-31,2022-11-28,2025-11-08
CUST0034,sector,Materials,2022-11-04,2024-12-31,2025-11-08,2200-01-01
CUST0035,risk_tier,C,2020-01-01,2022-10-07,2020-01-18,2200-01-01
CUST0035,risk_tier,C,2022-10-07,2022-11-14,2022-10-12,2200-01-01
CUST0035,risk_tier,B,2022-11-14,2024-12-31,2022-12-03,2200-01-01
CUST0035,sector,Technology,2020-01-01,2022-05-21,2020-01-25,2200-01-01
CUST0035,sector,Industrials,2022-05-21,2022-06-06,2022-06-16,2200-01-01
CUST0035,sector,Healthcare,2022-06-06,2023-09-13,2022-06-11,2200-01-01
CUST0035,sector,Financials,2023-09-13,2024-12-31,2023-10-04,2200-01-01
CUST0036,risk_tier,C,2020-01-01,2023-11-09,2020-01-11,2200-01-01
CUST0036,risk_tier,A,2023-11-09,2024-12-31,2023-11-11,2200-01-01
CUST0036,sector,Technology,2020-01-01,2020-07-26,2020-01-25,2021-12-02
CUST0036,sector,Energy,2020-01-01,2020-07-26,2021-12-02,2200-01-01
CUST0036,sector,Technology,2020-07-26,2024-03-12,2020-07-31,2200-01-01
CUST0036,sector,Energy,2024-03-12,2024-05-03,2024-03-30,2200-01-01
CUST0036,sector,Industrials,2024-05-03,2024-12-31,2024-05-22,2200-01-01
CUST0037,risk_tier,B,2020-01-01,2023-06-16,2020-01-18,2200-01-01
CUST0037,risk_tier,C,2023-06-16,2024-12-31,2023-07-06,2200-01-01
CUST0037,sector,Healthcare,2020-01-01,2020-07-22,2020-01-24,2200-01-01
CUST0037,sector,Industrials,2020-07-22,2022-09-17,2020-08-13,2023-07-02
CUST0037,sector,Industrials,2020-07-22,2021-04-23,2023-07-02,2200-01-01
CUST0037,sector,Technology,2021-04-23,2022-03-04,2023-07-02,2200-01-01
CUST0037,sector,Industrials,2022-03-04,2022-09-17,2023-07-02,2200-01-01
CUST0037,sector,Financials,2022-09-17,2024-12-31,2022-10-12,2200-01-01
CUST0038,risk_tier,B,2020-01-01,2021-09-10,2020-01-07,2200-01-01
CUST0038,risk_tier,B,2021-09-10,2022-11-21,2021-09-26,2200-01-01
CUST0038,risk_tier,A,2022-11-21,2024-12-31,2022-12-21,2200-01-01
CUST0038,sector,Energy,2020-01-01,2021-11-12,2020-01-19,2200-01-01
CUST0038,sector,Materials,2021-11-12,2023-10-10,2021-11-29,2200-01-01
CUST0038,sector,Financials,2023-10-10,2024-12-31,2023-10-11,2200-01-01
CUST0039,risk_tier,C,2020-01-01,2020-09-05,2020-01-03,2200-01-01
CUST0039,risk_tier,B,2020-09-05,2022-09-20,2020-09-13,2200-01-01
CUST0039,risk_tier,C,2022-09-20,2024-12-31,2022-10-06,2200-01-01
CUST0039,sector,Healthcare,2020-01-01,2022-12-21,2020-01-18,2200-01-01
CUST0039,sector,Healthcare,2022-12-21,2022-12-30,2023-01-20,2200-01-01
CUST0039,sector,Energy,2022-12-30,2024-12-31,2023-01-04,2200-01-01
CUST0040,risk_tier,B,2020-01-01,2020-07-07,2020-01-21,2200-01-01
CUST0040,risk_tier,C,2020-07-07,2022-06-06,2020-07-12,2200-01-01
CUST0040,risk_tier,C,2022-06-06,2024-06-24,2022-06-13,2200-01-01
CUST0040,risk_tier,A,2024-06-24,2024-12-31,2024-07-07,2200-01-01
CUST0040,sector,Healthcare,2020-01-01,2022-01-07,2020-01-06,2200-01-01
CUST0040,sector,Technology,2022-01-07,2024-12-31,2022-02-04,2200-01-01
CUST0041,risk_tier,A,2020-01-01,2023-08-17,2020-01-07,2200-01-01
CUST0041,risk_tier,B,2023-08-17,2024-12-31,2023-08-27,2200-01-01
CUST0041,sector,Energy,2020-01-01,2021-03-20,2020-01-10,2022-04-05
CUST0041,sector,Healthcare,2020-01-01,2021-03-20,2022-04-05,2200-01-01
CUST0041,sector,Energy,2021-03-20,2022-03-25,2021-04-03,2200-01-01
CUST0041,sector,Technology,2022-03-25,2023-03-25,2022-04-11,2200-01-01
CUST0041,sector,Materials,2023-03-25,2024-12-31,2023-03-30,2200-01-01
CUST0042,risk_tier,B,2020-01-01,2020-08-24,2020-01-16,2200-01-01
CUST0042,risk_tier,B,2020-08-24,2024-12-31,2020-08-24,2200-01-01
CUST0042,sector,Technology,2020-01-01,2023-02-05,2020-01-25,2200-01-01
CUST0042,sector,Materials,2023-02-05,2023-06-06,2023-02-14,2200-01-01
CUST0042,sector,Materials,2023-06-06,2024-12-31,2023-07-01,2025-09-02
CUST0042,sector,Materials,2023-06-06,2023-12-23,2025-09-02,2200-01-01
CUST0042,sector,Healthcare,2023-12-23,2024-08-09,2025-09-02,2200-01-01
CUST0042,sector,Materials,2024-08-09,2024-12-31,2025-09-02,2200-01-01
CUST0043,risk_tier,C,2020-01-01,2020-11-04,2020-01-31,2200-01-01
CUST0043,risk_tier,B,2020-11-04,2020-12-18,2020-11-17,2200-01-01
CUST0043,risk_tier,C,2020-12-18,2021-07-17,2021-01-04,2200-01-01
CUST0043,risk_tier,C,2021-07-17,2024-12-31,2021-07-29,2200-01-01
CUST0043,sector,Financials,2020-01-01,2020-09-06,2020-01-27,2021-03-29
CUST0043,sector,Healthcare,2020-01-01,2020-09-06,2021-03-29,2022-02-01
CUST0043,sector,Energy,2020-01-01,2020-09-06,2022-02-01,2200-01-01
CUST0043,sector,Industrials,2020-09-06,2024-12-31,2020-09-12,2200-01-01
CUST0044,risk_tier,C,2020-01-01,2022-09-29,2020-01-18,2200-01-01
CUST0044,risk_tier,B,2022-09-29,2024-12-31,2022-10-22,2200-01-01
CUST0044,sector,Financials,2020-01-01,2021-08-27,2020-01-05,2022-11-28
CUST0044,sector,Financials,2020-01-01,2020-07-30,2022-11-28,2200-01-01
CUST0044,sector,Industrials,2020-07-30,2021-03-29,2022-11-28,2200-01-01
CUST0044,sector,Financials,2021-03-29,2021-08-27,2022-11-28,2200-01-01
CUST0044,sector,Technology,2021-08-27,2024-12-31,2021-09-16,2200-01-01
CUST0045,risk_tier,B,2020-01-01,2020-06-04,2020-01-14,2200-01-01
CUST0045,risk_tier,B,2020-06-04,2024-12-31,2020-06-18,2200-01-01
CUST0045,sector,Technology,2020-01-01,2023-01-17,2020-01-30,2023-09-08
CUST0045,sector,Industrials,2020-01-01,2023-01-17,2023-09-08,2024-03-31
CUST0045,sector,Materials,2020-01-01,2023-01-17,2024-03-31,2200-01-01
CUST0045,sector,Materials,2023-01-17,2024-03-14,2023-01-20,2200-01-01
CUST0045,sector,Industrials,2024-03-14,2024-12-31,2024-04-13,2200-01-01
CUST0046,risk_tier,B,2020-01-01,2021-12-30,2020-01-25,2200-01-01
CUST0046,risk_tier,B,2021-12-30,2022-01-02,2022-01-19,2200-01-01
CUST0046,risk_tier,B,2022-01-02,2024-12-31,2022-01-10,2200-01-01
CUST0046,sector,Technology,2020-01-01,2021-04-07,2020-01-14,2022-07-29
CUST0046,sector,Technology,2020-01-01,2020-06-10,2022-07-29,2200-01-01
CUST0046,sector,Materials,2020-06-10,2020-12-12,2022-07-29,2200-01-01
CUST0046,sector,Technology,2020-12-12,2021-04-07,2022-07-29,2200-01-01
CUST0046,sector,Healthcare,2021-04-07,2024-12-31,2021-04-13,2200-01-01
CUST0047,risk_tier,A,2020-01-01,2020-11-22,2020-01-15,2200-01-01
CUST0047,risk_tier,C,2020-11-22,2022-06-18,2020-12-11,2200-01-01
CUST0047,risk_tier,C,2022-06-18,2024-01-10,2022-07-15,2200-01-01
CUST0047,risk_tier,C,2024-01-10,2024-12-31,2024-01-13,2200-01-01
CUST0047,sector,Energy,2020-01-01,2022-02-10,2020-01-23,2200-01-01
CUST0047,sector,Materials,2022-02-10,2024-12-31,2022-02-19,2200-01-01
CUST0048,risk_tier,A,2020-01-01,2023-06-12,2020-01-22,2200-01-01
CUST0048,risk_tier,B,2023-06-12,2024-06-29,2023-06-16,2200-01-01
CUST0048,risk_tier,C,2024-06-29,2024-12-31,2024-07-17,2200-01-01
CUST0048,sector,Healthcare,2020-01-01,2021-08-05,2020-01-08,2200-01-01
CUST0048,sector,Healthcare,2021-08-05,2023-08-06,2021-08-14,2200-01-01
CUST0048,sector,Financials,2023-08-06,2024-12-31,2023-08-11,2026-01-21
CUST0048,sector,Financials,2023-08-06,2024-02-01,2026-01-21,2200-01-01
CUST0048,sector,Industrials,2024-02-01,2024-08-24,2026-01-21,2200-01-01
CUST0048,sector,Financials,2024-08-24,2024-12-31,2026-01-21,2200-01-01
CUST0049,risk_tier,B,2020-01-01,2022-11-08,2020-01-18,2200-01-01
CUST0049,risk_tier,C,2022-11-08,2023-01-10,2022-11-15,2200-01-01
CUST0049,risk_tier,C,2023-01-10,2024-12-31,2023-02-01,2200-01-01
CUST0049,sector,Materials,2020-01-01,2020-10-29,2020-01-06,2200-01-01
CUST0049,sector,Industrials,2020-10-29,2024-08-01,2020-11-26,2200-01-01
CUST0049,sector,Healthcare,2024-08-01,2024-12-31,2024-08-14,2025-08-23
CUST0049,sector,Healthcare,2024-08-01,2024-09-23,2025-08-23,2200-01-01
CUST0049,sector,Industrials,2024-09-23,2024-11-23,2025-08-23,2200-01-01
CUST0049,sector,Healthcare,2024-11-23,2024-12-31,2025-08-23,2200-01-01
CUST0050,risk_tier,A,2020-01-01,2023-07-28,2020-01-12,2200-01-01
CUST0050,risk_tier,C,2023-07-28,2024-06-04,2023-08-25,2200-01-01
CUST0050,risk_tier,A,2024-06-04,2024-12-31,2024-07-02,2200-01-01
CUST0050,sector,Financials,2020-01-01,2020-07-29,2020-01-21,2021-05-16
CUST0050,sector,Energy,2020-01-01,2020-07-29,2021-05-16,2200-01-01
CUST0050,sector,Technology,2020-07-29,2024-12-31,2020-08-15,2200-01-01
CUST0051,risk_tier,C,2020-01-01,2020-10-31,2020-01-28,2200-01-01
CUST0051,risk_tier,C,2020-10-31,2022-11-20,2020-11-26,2200-01-01
CUST0051,risk_tier,B,2022-11-20,2023-07-01,2022-12-08,2200-01-01
CUST0051,risk_tier,A,2023-07-01,2024-12-31,2023-07-13,2200-01-01
CUST0051,sector,Technology,2020-01-01,2020-07-15,2020-01-28,2200-01-01
CUST0051,sector,Industrials,2020-07-15,2021-07-06,2020-07-22,2200-01-01
CUST0051,sector,Financials,2021-07-06,2023-07-29,2021-07-09,2200-01-01
CUST0051,sector,Technology,2023-07-29,2024-12-31,2023-08-20,2025-08-07
CUST0051,sector,Healthcare,2023-07-29,2024-12-31,2025-08-07,2026-04-11
CUST0051,sector,Energy,2023-07-29,2024-12-31,2026-04-11,2200-01-01
CUST0052,risk_tier,C,2020-01-01,2024-07-19,2020-01-03,2200-01-01
CUST0052,risk_tier,C,2024-07-19,2024-12-31,2024-08-01,2200-01-01
CUST0052,sector,Healthcare,2020-01-01,2021-02-19,2020-01-15,2200-01-01
CUST0052,sector,Materials,2021-02-19,2022-01-11,2021-03-18,2200-01-01
CUST0052,sector,Healthcare,2022-01-11,2024-06-09,2022-02-05,2200-01-01
CUST0052,sector,Energy,2024-06-09,2024-12-31,2024-06-25,2200-01-01
CUST0053,risk_tier,B,2020-01-01,2022-05-20,2020-01-12,2200-01-01
CUST0053,risk_tier,B,2022-05-20,2022-07-25,2022-05-20,2200-01-01
CUST0053,risk_tier,B,2022-07-25,2024-12-31,2022-08-01,2200-01-01
CUST0053,sector,Technology,2020-01-01,2020-08-13,2020-01-13,2200-01-01
CUST0053,sector,Energy,2020-08-13,2024-12-31,2020-08-25,2025-10-31
CUST0053,sector,Financials,2020-08-13,2024-12-31,2025-10-31,2200-01-01
CUST0054,risk_tier,B,2020-01-01,2022-02-03,2020-01-25,2200-01-01
CUST0054,risk_tier,C,2022-02-03,2024-12-31,2022-03-05,2200-01-01
CUST0054,sector,Technology,2020-01-01,2021-08-07,2020-01-29,2200-01-01
CUST0054,sector,Healthcare,2021-08-07,2022-02-22,2021-08-07,2023-03-28
CUST0054,sector,Materials,2021-08-07,2022-02-22,2023-03-28,2200-01-01
CUST0054,sector,Financials,2022-02-22,2024-08-09,2022-03-09,2200-01-01
CUST0054,sector,Materials,2024-08-09,2024-12-31,2024-08-11,2200-01-01
CUST0055,risk_tier,B,2020-01-01,2023-07-08,2020-01-26,2200-01-01
CUST0055,risk_tier,C,2023-07-08,2024-12-31,2023-08-04,2200-01-01
CUST0055,sector,Technology,2020-01-01,2022-09-14,2020-01-23,2023-11-06
CUST0055,sector,Industrials,2020-01-01,2022-09-14,2023-11-06,2200-01-01
CUST0055,sector,Industrials,2022-09-14,2024-12-31,2022-09-28,2200-01-01
CUST0056,risk_tier,C,2020-01-01,2021-07-01,2020-01-14,2200-01-01
CUST0056,risk_tier,B,2021-07-01,2024-12-31,2021-07-10,2200-01-01
CUST0056,sector,Materials,2020-01-01,2022-07-14,2020-01-26,2023-04-17
CUST0056,sector,Financials,2020-01-01,2022-07-14,2023-04-17,2024-02-29
CUST0056,sector,Technology,2020-01-01,2022-07-14,2024-02-29,2200-01-01
CUST0056,sector,Industrials,2022-07-14,2024-12-31,2022-07-20,2200-01-01
CUST0057,risk_tier,A,2020-01-01,2021-07-19,2020-01-18,2200-01-01
CUST0057,risk_tier,C,2021-07-19,2024-12-31,2021-08-08,2200-01-01
CUST0057,sector,Industrials,2020-01-01,2022-01-28,2020-01-13,2200-01-01
CUST0057,sector,Materials,2022-01-28,2022-03-07,2022-02-03,2200-01-01
CUST0057,sector,Financials,2022-03-07,2024-02-05,2022-03-22,2200-01-01
CUST0057,sector,Materials,2024-02-05,2024-12-31,2024-02-10,2200-01-01
CUST0058,risk_tier,C,2020-01-01,2021-08-27,2020-01-04,2200-01-01
CUST0058,risk_tier,C,2021-08-27,2022-03-18,2021-09-25,2200-01-01
CUST0058,risk_tier,A,2022-03-18,2024-04-09,2022-04-06,2200-01-01
CUST0058,risk_tier,A,2024-04-09,2024-12-31,2024-05-07,2200-01-01
CUST0058,sector,Healthcare,2020-01-01,2023-06-07,2020-01-27,2200-01-01
CUST0058,sector,Financials,2023-06-07,2024-01-16,2023-06-23,2200-01-01
CUST0058,sector,Financials,2024-01-16,2024-12-31,2024-01-23,2200-01-01
CUST0059,risk_tier,B,2020-01-01,2020-11-25,2020-01-15,2200-01-01
CUST0059,risk_tier,A,2020-11-25,2023-12-05,2020-12-17,2200-01-01
CUST0059,risk_tier,C,2023-12-05,2024-08-22,2023-12-27,2200-01-01
CUST0059,risk_tier,A,2024-08-22,2024-12-31,2024-08-23,2200-01-01
CUST0059,sector,Healthcare,2020-01-01,2022-08-15,2020-01-06,2200-01-01
CUST0059,sector,Financials,2022-08-15,2024-12-31,2022-09-08,2200-01-01
CUST0060,risk_tier,A,2020-01-01,2023-10-29,2020-01-18,2200-01-01
CUST0060,risk_tier,B,2023-10-29,2024-12-31,2023-11-24,2200-01-01
CUST0060,sector,Healthcare,2020-01-01,2020-09-15,2020-01-23,2200-01-01
CUST0060,sector,Healthcare,2020-09-15,2024-07-23,2020-09-27,2200-01-01
CUST0060,sector,Materials,2024-07-23,2024-12-31,2024-08-14,2200-01-01
CUST0061,risk_tier,A,2020-01-01,2023-01-25,2020-01-08,2200-01-01
CUST0061,risk_tier,C,2023-01-25,2024-12-31,2023-02-01,2200-01-01
CUST0061,sector,Industrials,2020-01-01,2021-03-11,2020-01-19,2200-01-01
CUST0061,sector,Energy,2021-03-11,2022-08-02,2021-04-05,2200-01-01
CUST0061,sector,Materials,2022-08-02,2024-12-31,2022-08-14,2200-01-01
CUST0062,risk_tier,C,2020-01-01,2021-09-21,2020-01-09,2200-01-01
CUST0062,risk_tier,B,2021-09-21,2024-03-21,2021-09-28,2200-01-01
CUST0062,risk_tier,C,2024-03-21,2024-07-20,2024-04-15,2200-01-01
CUST0062,risk_tier,B,2024-07-20,2024-12-31,2024-07-22,2200-01-01
CUST0062,sector,Industrials,2020-01-01,2021-08-26,2020-01-15,2200-01-01
CUST0062,sector,Energy,2021-08-26,2023-08-08,2021-09-01,2200-01-01
CUST0062,sector,Financials,2023-08-08,2024-08-25,2023-08-18,2200-01-01
CUST0062,sector,Materials,2024-08-25,2024-12-31,2024-09-07,2200-01-01
CUST0063,risk_tier,C,2020-01-01,2021-11-13,2020-01-07,2200-01-01
CUST0063,risk_tier,C,2021-11-13,2024-12-31,2021-12-01,2200-01-01
CUST0063,sector,Materials,2020-01-01,2022-12-23,2020-01-25,2023-12-12
CUST0063,sector,Materials,2020-01-01,2021-01-15,2023-12-12,2200-01-01
CUST0063,sector,Healthcare,2021-01-15,2022-03-26,2023-12-12,2200-01-01
CUST0063,sector,Materials,2022-03-26,2022-12-23,2023-12-12,2200-01-01
CUST0063,sector,Technology,2022-12-23,2024-12-31,2023-01-13,2200-01-01
CUST0064,risk_tier,C,2020-01-01,2020-05-18,2020-01-07,2200-01-01
CUST0064,risk_tier,C,2020-05-18,2023-04-06,2020-05-26,2200-01-01
CUST0064,risk_tier,A,2023-04-06,2024-12-31,2023-05-03,2200-01-01
CUST0064,sector,Materials,2020-01-01,2021-03-23,2020-01-29,2021-11-26
CUST0064,sector,Healthcare,2020-01-01,2021-03-23,2021-11-26,2200-01-01
CUST0064,sector,Energy,2021-03-23,2024-12-31,2021-03-23,2200-01-01
CUST0065,risk_tier,A,2020-01-01,2023-01-13,2020-01-07,2200-01-01
CUST0065,risk_tier,B,2023-01-13,2023-03-04,2023-02-02,2200-01-01
CUST0065,risk_tier,B,2023-03-04,2024-12-31,2023-03-16,2200-01-01
CUST0065,sector,Healthcare,2020-01-01,2020-11-28,2020-01-01,2200-01-01
CUST0065,sector,Energy,2020-11-28,2024-05-25,2020-12-07,2200-01-01
CUST0065,sector,Healthcare,2024-05-25,2024-12-31,2024-06-07,2025-08-30
CUST0065,sector,Healthcare,2024-05-25,2024-08-10,2025-08-30,2200-01-01
CUST0065,sector,Industrials,2024-08-10,2024-11-06,2025-08-30,2200-01-01
CUST0065,sector,Healthcare,2024-11-06,2024-12-31,2025-08-30,2200-01-01
CUST0066,risk_tier,B,2020-01-01,2021-04-28,2020-01-21,2200-01-01
CUST0066,risk_tier,B,2021-04-28,2024-12-31,2021-04-28,2200-01-01
CUST0066,sector,Energy,2020-01-01,2021-06-24,2020-01-26,2200-01-01
CUST0066,sector,Energy,2021-06-24,2022-03-23,2021-07-15,2200-01-01
CUST0066,sector,Technology,2022-03-23,2024-08-19,2022-04-07,2025-06-28
CUST0066,sector,Healthcare,2022-03-23,2024-08-19,2025-06-28,2200-01-01
CUST0066,sector,Technology,2024-08-19,2024-12-31,2024-09-11,2200-01-01
CUST0067,risk_tier,A,2020-01-01,2020-08-14,2020-01-02,2200-01-01
CUST0067,risk_tier,C,2020-08-14,2022-01-30,2020-08-27,2200-01-01
CUST0067,risk_tier,B,2022-01-30,2024-02-02,2022-02-04,2200-01-01
CUST0067,risk_tier,B,2024-02-02,2024-12-31,2024-02-09,2200-01-01
CUST0067,sector,Healthcare,2020-01-01,2021-11-29,2020-01-31,2023-03-16
CUST0067,sector,Healthcare,2020-01-01,2020-09-01,2023-03-16,2200-01-01
CUST0067,sector,Technology,2020-09-01,2021-06-07,2023-03-16,2200-01-01
CUST0067,sector,Healthcare,2021-06-07,2021-11-29,2023-03-16,2200-01-01
CUST0067,sector,Financials,2021-11-29,2024-12-31,2021-11-30,2200-01-01
CUST0068,risk_tier,C,2020-01-01,2022-01-26,2020-01-02,2200-01-01
CUST0068,risk_tier,A,2022-01-26,2022-03-17,2022-01-26,2200-01-01
CUST0068,risk_tier,A,2022-03-17,2022-04-23,2022-03-22,2200-01-01
CUST0068,risk_tier,A,2022-04-23,2024-12-31,2022-05-02,2200-01-01
CUST0068,sector,Materials,2020-01-01,2023-11-22,2020-01-16,2024-07-16
CUST0068,sector,Industrials,2020-01-01,2023-11-22,2024-07-16,2200-01-01
CUST0068,sector,Energy,2023-11-22,2024-12-31,2023-11-28,2200-01-01
CUST0069,risk_tier,B,2020-01-01,2024-04-02,2020-01-11,2200-01-01
CUST0069,risk_tier,C,2024-04-02,2024-12-31,2024-04-17,2200-01-01
CUST0069,sector,Technology,2020-01-01,2020-05-24,2020-01-15,2200-01-01
CUST0069,sector,Materials,2020-05-24,2021-12-01,2020-05-30,2022-08-08
CUST0069,sector,Industrials,2020-05-24,2021-12-01,2022-08-08,2023-07-14
CUST0069,sector,Financials,2020-05-24,2021-12-01,2023-07-14,2200-01-01
CUST0069,sector,Financials,2021-12-01,2022-01-24,2021-12-18,2200-01-01
CUST0069,sector,Energy,2022-01-24,2024-12-31,2022-02-16,2200-01-01
CUST0070,risk_tier,B,2020-01-01,2021-08-18,2020-01-07,2200-01-01
CUST0070,risk_tier,A,2021-08-18,2024-03-25,2021-08-29,2200-01-01
CUST0070,risk_tier,B,2024-03-25,2024-12-31,2024-04-13,2200-01-01
CUST0070,sector,Technology,2020-01-01,2020-05-06,2020-01-09,2200-01-01
CUST0070,sector,Financials,2020-05-06,2022-12-02,2020-06-01,2200-01-01
CUST0070,sector,Financials,2022-12-02,2023-12-22,2022-12-23,2200-01-01
CUST0070,sector,Technology,2023-12-22,2024-12-31,2023-12-22,2200-01-01
CUST0071,risk_tier,C,2020-01-01,2021-10-27,2020-01-01,2200-01-01
CUST0071,risk_tier,A,2021-10-27,2023-12-07,2021-11-19,2200-01-01
CUST0071,risk_tier,C,2023-12-07,2024-12-31,2023-12-27,2200-01-01
CUST0071,sector,Energy,2020-01-01,2021-02-19,2020-01-04,2200-01-01
CUST0071,sector,Materials,2021-02-19,2022-04-25,2021-03-12,2200-01-01
CUST0071,sector,Energy,2022-04-25,2022-06-23,2022-05-22,2200-01-01
CUST0071,sector,Energy,2022-06-23,2024-12-31,2022-07-06,2200-01-01
CUST0072,risk_tier,B,2020-01-01,2023-02-16,2020-01-17,2200-01-01
CUST0072,risk_tier,A,2023-02-16,2023-04-12,2023-03-18,2200-01-01
CUST0072,risk_tier,B,2023-04-12,2023-08-06,2023-05-09,2200-01-01
CUST0072,risk_tier,C,2023-08-06,2024-12-31,2023-09-01,2200-01-01
CUST0072,sector,Materials,2020-01-01,2022-02-08,2020-01-12,2022-09-02
CUST0072,sector,Energy,2020-01-01,2022-02-08,2022-09-02,2023-10-14
CUST0072,sector,Financials,2020-01-01,2022-02-08,2023-10-14,2200-01-01
CUST0072,sector,Materials,2022-02-08,2024-12-31,2022-03-06,2200-01-01
CUST0073,risk_tier,C,2020-01-01,2020-07-16,2020-01-30,2200-01-01
CUST0073,risk_tier,C,2020-07-16,2022-05-20,2020-08-10,2200-01-01
CUST0073,risk_tier,A,2022-05-20,2024-12-31,2022-06-06,2200-01-01
CUST0073,sector,Energy,2020-01-01,2023-12-21,2020-01-01,2024-05-22
CUST0073,sector,Materials,2020-01-01,2023-12-21,2024-05-22,2025-06-22
CUST0073,sector,Industrials,2020-01-01,2023-12-21,2025-06-22,2200-01-01
CUST0073,sector,Energy,2023-12-21,2024-02-01,2024-01-03,2200-01-01
CUST0073,sector,Industrials,2024-02-01,2024-12-31,2024-02-19,2200-01-01
CUST0074,risk_tier,C,2020-01-01,2024-06-01,2020-01-20,2200-01-01
CUST0074,risk_tier,A,2024-06-01,2024-12-31,2024-06-23,2200-01-01
CUST0074,sector,Healthcare,2020-01-01,2022-04-10,2020-01-24,2200-01-01
CUST0074,sector,Financials,2022-04-10,2024-04-24,2022-04-21,2025-03-05
CUST0074,sector,Materials,2022-04-10,2024-04-24,2025-03-05,2200-01-01
CUST0074,sector,Energy,2024-04-24,2024-12-31,2024-05-11,2200-01-01
CUST0075,risk_tier,C,2020-01-01,2022-05-07,2020-01-08,2200-01-01
CUST0075,risk_tier,A,2022-05-07,2022-05-31,2022-05-28,2200-01-01
CUST0075,risk_tier,C,2022-05-31,2024-12-31,2022-06-24,2200-01-01
CUST0075,sector,Energy,2020-01-01,2021-08-10,2020-01-15,2022-02-27
CUST0075,sector,Energy,2020-01-01,2020-07-24,2022-02-27,2200-01-01
CUST0075,sector,Industrials,2020-07-24,2021-03-16,2022-02-27,2200-01-01
CUST0075,sector,Energy,2021-03-16,2021-08-10,2022-02-27,2200-01-01
CUST0075,sector,Energy,2021-08-10,2022-10-18,2021-09-08,2200-01-01
CUST0075,sector,Healthcare,2022-10-18,2024-07-09,2022-11-05,2200-01-01
CUST0075,sector,Technology,2024-07-09,2024-12-31,2024-08-01,2200-01-01
CUST0076,risk_tier,C,2020-01-01,2020-05-21,2020-01-09,2200-01-01
CUST0076,risk_tier,C,2020-05-21,2021-01-11,2020-06-11,2200-01-01
CUST0076,risk_tier,A,2021-01-11,2024-02-21,2021-01-27,2200-01-01
CUST0076,risk_tier,C,2024-02-21,2024-12-31,2024-03-15,2200-01-01
CUST0076,sector,Technology,2020-01-01,2022-01-02,2020-01-31,2200-01-01
CUST0076,sector,Technology,2022-01-02,2023-03-12,2022-01-18,2200-01-01
CUST0076,sector,Technology,2023-03-12,2023-12-16,2023-04-08,2200-01-01
CUST0076,sector,Financials,2023-12-16,2024-12-31,2023-12-29,2200-01-01
CUST0077,risk_tier,C,2020-01-01,2024-04-01,2020-01-13,2200-01-01
CUST0077,risk_tier,A,2024-04-01,2024-12-31,2024-04-30,2200-01-01
CUST0077,sector,Materials,2020-01-01,2020-09-02,2020-01-03,2021-11-06
CUST0077,sector,Energy,2020-01-01,2020-09-02,2021-11-06,2200-01-01
CUST0077,sector,Healthcare,2020-09-02,2020-10-14,2020-09-17,2200-01-01
CUST0077,sector,Energy,2020-10-14,2023-02-25,2020-10-30,2200-01-01
CUST0077,sector,Energy,2023-02-25,2024-12-31,2023-03-16,2200-01-01
CUST0078,risk_tier,C,2020-01-01,2021-12-19,2020-01-01,2200-01-01
CUST0078,risk_tier,C,2021-12-19,2022-08-17,2021-12-22,2200-01-01
CUST0078,risk_tier,B,2022-08-17,2024-12-31,2022-08-25,2200-01-01
CUST0078,sector,Healthcare,2020-01-01,2020-05-11,2020-01-03,2200-01-01
CUST0078,sector,Materials,2020-05-11,2023-03-27,2020-06-09,2200-01-01
CUST0078,sector,Industrials,2023-03-27,2024-12-31,2023-04-06,2200-01-01
CUST0079,risk_tier,C,2020-01-01,2021-07-09,2020-01-21,2200-01-01
CUST0079,risk_tier,B,2021-07-09,2023-08-31,2021-07-16,2200-01-01
CUST0079,risk_tier,A,2023-08-31,2024-12-31,2023-09-28,2200-01-01
CUST0079,sector,Financials,2020-01-01,2021-01-27,2020-01-11,2200-01-01
CUST0079,sector,Energy,2021-01-27,2024-04-23,2021-02-25,2025-06-04
CUST0079,sector,Energy,2021-01-27,2022-03-16,2025-06-04,2200-01-01
CUST0079,sector,Healthcare,2022-03-16,2023-07-02,2025-06-04,2200-01-01
CUST0079,sector,Energy,2023-07-02,2024-04-23,2025-06-04,2200-01-01
CUST0079,sector,Financials,2024-04-23,2024-12-31,2024-05-12,2200-01-01
CUST0080,risk_tier,A,2020-01-01,2023-08-09,2020-01-25,2200-01-01
CUST0080,risk_tier,A,2023-08-09,2024-01-10,2023-08-25,2200-01-01
CUST0080,risk_tier,A,2024-01-10,2024-12-31,2024-01-18,2200-01-01
CUST0080,sector,Healthcare,2020-01-01,2023-04-16,2020-01-18,2200-01-01
CUST0080,sector,Healthcare,2023-04-16,2024-12-31,2023-05-14,2200-01-01
CUST0081,risk_tier,A,2020-01-01,2023-07-04,2020-01-06,2200-01-01
CUST0081,risk_tier,B,2023-07-04,2024-01-12,2023-07-12,2200-01-01
CUST0081,risk_tier,A,2024-01-12,2024-12-31,2024-01-23,2200-01-01
CUST0081,sector,Energy,2020-01-01,2020-06-29,2020-01-05,2200-01-01
CUST0081,sector,Energy,2020-06-29,2020-08-24,2020-07-16,2200-01-01
CUST0081,sector,Technology,2020-08-24,2023-04-14,2020-09-14,2200-01-01
CUST0081,sector,Healthcare,2023-04-14,2024-12-31,2023-04-14,2200-01-01
CUST0082,risk_tier,A,2020-01-01,2023-02-16,2020-01-02,2200-01-01
CUST0082,risk_tier,A,2023-02-16,2024-12-31,2023-02-21,2200-01-01
CUST0082,sector,Technology,2020-01-01,2020-05-20,2020-01-30,2200-01-01
CUST0082,sector,Healthcare,2020-05-20,2022-07-24,2020-06-15,2023-02-23
CUST0082,sector,Healthcare,2020-05-20,2021-02-22,2023-02-23,2200-01-01
CUST0082,sector,Technology,2021-02-22,2022-01-06,2023-02-23,2200-01-01
CUST0082,sector,Healthcare,2022-01-06,2022-07-24,2023-02-23,2200-01-01
CUST0082,sector,Energy,2022-07-24,2023-11-28,2022-08-15,2200-01-01
CUST0082,sector,Energy,2023-11-28,2024-12-31,2023-12-07,2200-01-01
CUST0083,risk_tier,C,2020-01-01,2022-05-12,2020-01-23,2200-01-01
CUST0083,risk_tier,C,2022-05-12,2024-12-31,2022-05-12,2200-01-01
CUST0083,sector,Industrials,2020-01-01,2021-02-14,2020-01-31,2200-01-01
CUST0083,sector,Industrials,2021-02-14,2021-06-17,2021-02-18,2200-01-01
CUST0083,sector,Materials,2021-06-17,2024-12-31,2021-07-12,2200-01-01
CUST0084,risk_tier,A,2020-01-01,2022-10-15,2020-01-06,2200-01-01
CUST0084,risk_tier,B,2022-10-15,2024-12-31,2022-11-03,2200-01-01
CUST0084,sector,Materials,2020-01-01,2020-08-19,2020-01-14,2021-06-10
CUST0084,sector,Healthcare,2020-01-01,2020-08-19,2021-06-10,2200-01-01
CUST0084,sector,Materials,2020-08-19,2020-11-06,2020-08-31,2200-01-01
CUST0084,sector,Healthcare,2020-11-06,2024-12-31,2020-12-02,2200-01-01
CUST0085,risk_tier,C,2020-01-01,2020-11-30,2020-01-06,2200-01-01
CUST0085,risk_tier,A,2020-11-30,2023-10-07,2020-12-26,2200-01-01
CUST0085,risk_tier,A,2023-10-07,2024-12-31,2023-10-09,2200-01-01
CUST0085,sector,Healthcare,2020-01-01,2022-08-02,2020-01-08,2200-01-01
CUST0085,sector,Healthcare,2022-08-02,2024-02-14,2022-08-09,2200-01-01
CUST0085,sector,Energy,2024-02-14,2024-12-31,2024-02-23,2200-01-01
CUST0086,risk_tier,A,2020-01-01,2022-06-24,2020-01-31,2200-01-01
CUST0086,risk_tier,B,2022-06-24,2023-05-16,2022-07-07,2200-01-01
CUST0086,risk_tier,C,2023-05-16,2024-12-31,2023-06-08,2200-01-01
CUST0086,sector,Financials,2020-01-01,2021-10-08,2020-01-21,2022-07-23
CUST0086,sector,Healthcare,2020-01-01,2021-10-08,2022-07-23,2200-01-01
CUST0086,sector,Energy,2021-10-08,2022-10-02,2021-10-14,2200-01-01
CUST0086,sector,Energy,2022-10-02,2024-12-31,2022-10-16,2200-01-01
CUST0087,risk_tier,A,2020-01-01,2024-05-07,2020-01-06,2200-01-01
CUST0087,risk_tier,C,2024-05-07,2024-12-31,2024-05-19,2200-01-01
CUST0087,sector,Industrials,2020-01-01,2020-11-25,2020-01-01,2200-01-01
CUST0087,sector,Healthcare,2020-11-25,2021-06-23,2020-12-03,2200-01-01
CUST0087,sector,Financials,2021-06-23,2022-12-07,2021-06-30,2200-01-01
CUST0087,sector,Healthcare,2022-12-07,2024-12-31,2022-12-20,2026-04-08
CUST0087,sector,Healthcare,2022-12-07,2023-08-28,2026-04-08,2200-01-01
CUST0087,sector,Materials,2023-08-28,2024-06-25,2026-04-08,2200-01-01
CUST0087,sector,Healthcare,2024-06-25,2024-12-31,2026-04-08,2200-01-01
CUST0088,risk_tier,A,2020-01-01,2022-02-18,2020-01-25,2200-01-01
CUST0088,risk_tier,B,2022-02-18,2023-07-18,2022-03-16,2200-01-01
CUST0088,risk_tier,A,2023-07-18,2024-12-31,2023-07-26,2200-01-01
CUST0088,sector,Energy,2020-01-01,2024-01-15,2020-01-27,2200-01-01
CUST0088,sector,Industrials,2024-01-15,2024-07-09,2024-02-13,2025-10-11
CUST0088,sector,Materials,2024-01-15,2024-07-09,2025-10-11,2200-01-01
CUST0088,sector,Industrials,2024-07-09,2024-12-31,2024-08-03,2200-01-01
CUST0089,risk_tier,C,2020-01-01,2021-08-05,2020-01-03,2200-01-01
CUST0089,risk_tier,C,2021-08-05,2022-04-16,2021-08-28,2200-01-01
CUST0089,risk_tier,B,2022-04-16,2024-06-06,2022-04-29,2200-01-01
CUST0089,risk_tier,A,2024-06-06,2024-12-31,2024-06-06,2200-01-01
CUST0089,sector,Healthcare,2020-01-01,2020-12-19,2020-01-23,2200-01-01
CUST0089,sector,Healthcare,2020-12-19,2021-04-27,2021-01-02,2022-03-22
CUST0089,sector,Healthcare,2020-12-19,2021-02-02,2022-03-22,2200-01-01
CUST0089,sector,Materials,2021-02-02,2021-03-25,2022-03-22,2200-01-01
CUST0089,sector,Healthcare,2021-03-25,2021-04-27,2022-03-22,2200-01-01
CUST0089,sector,Materials,2021-04-27,2024-12-31,2021-05-03,2200-01-01
CUST0090,risk_tier,B,2020-01-01,2023-10-28,2020-01-03,2200-01-01
CUST0090,risk_tier,C,2023-10-28,2024-12-31,2023-11-27,2200-01-01
CUST0090,sector,Financials,2020-01-01,2020-11-21,2020-01-19,2021-11-01
CUST0090,sector,Financials,2020-01-01,2020-04-23,2021-11-01,2200-01-01
CUST0090,sector,Materials,2020-04-23,2020-08-31,2021-11-01,2200-01-01
CUST0090,sector,Financials,2020-08-31,2020-11-21,2021-11-01,2200-01-01
CUST0090,sector,Technology,2020-11-21,2024-12-31,2020-12-17,2200-01-01
CUST0091,risk_tier,A,2020-01-01,2024-07-06,2020-01-02,2200-01-01
CUST0091,risk_tier,A,2024-07-06,2024-12-31,2024-07-09,2200-01-01
CUST0091,sector,Financials,2020-01-01,2021-10-26,2020-01-08,2200-01-01
CUST0091,sector,Energy,2021-10-26,2024-12-31,2021-11-22,2200-01-01
CUST0092,risk_tier,A,2020-01-01,2022-05-10,2020-01-11,2200-01-01
CUST0092,risk_tier,C,2022-05-10,2022-09-23,2022-05-31,2200-01-01
CUST0092,risk_tier,B,2022-09-23,2024-02-05,2022-10-22,2200-01-01
CUST0092,risk_tier,C,2024-02-05,2024-12-31,2024-02-28,2200-01-01
CUST0092,sector,Financials,2020-01-01,2021-04-30,2020-01-03,2200-01-01
CUST0092,sector,Healthcare,2021-04-30,2022-01-17,2021-04-30,2022-10-25
CUST0092,sector,Healthcare,2021-04-30,2021-07-30,2022-10-25,2200-01-01
CUST0092,sector,Materials,2021-07-30,2021-11-12,2022-10-25,2200-01-01
CUST0092,sector,Healthcare,2021-11-12,2022-01-17,2022-10-25,2200-01-01
CUST0092,sector,Technology,2022-01-17,2022-08-16,2022-01-22,2200-01-01
CUST0092,sector,Industrials,2022-08-16,2024-12-31,2022-09-04,2200-01-01
CUST0093,risk_tier,A,2020-01-01,2020-05-21,2020-01-28,2200-01-01
CUST0093,risk_tier,A,2020-05-21,2020-07-09,2020-05-31,2200-01-01
CUST0093,risk_tier,C,2020-07-09,2024-12-31,2020-08-07,2200-01-01
CUST0093,sector,Energy,2020-01-01,2020-11-04,2020-01-31,2200-01-01
CUST0093,sector,Healthcare,2020-11-04,2022-01-19,2020-12-04,2200-01-01
CUST0093,sector,Energy,2022-01-19,2022-09-01,2022-01-28,2200-01-01
CUST0093,sector,Financials,2022-09-01,2024-12-31,2022-09-22,2200-01-01
CUST0094,risk_tier,C,2020-01-01,2021-06-11,2020-01-29,2200-01-01
CUST0094,risk_tier,C,2021-06-11,2022-08-30,2021-06-14,2200-01-01
CUST0094,risk_tier,A,2022-08-30,2022-11-23,2022-09-27,2200-01-01
CUST0094,risk_tier,B,2022-11-23,2024-12-31,2022-12-09,2200-01-01
CUST0094,sector,Healthcare,2020-01-01,2020-06-22,2020-01-22,2200-01-01
CUST0094,sector,Financials,2020-06-22,2023-03-01,2020-07-01,2200-01-01
CUST0094,sector,Materials,2023-03-01,2024-12-31,2023-03-31,2200-01-01
CUST0095,risk_tier,C,2020-01-01,2020-09-06,2020-01-09,2200-01-01
CUST0095,risk_tier,C,2020-09-06,2024-05-14,2020-09-26,2200-01-01
CUST0095,risk_tier,A,2024-05-14,2024-12-31,2024-05-30,2200-01-01
CUST0095,sector,Industrials,2020-01-01,2021-12-05,2020-01-06,2200-01-01
CUST0095,sector,Industrials,2021-12-05,2022-09-03,2022-01-03,2200-01-01
CUST0095,sector,Materials,2022-09-03,2024-12-31,2022-09-19,2200-01-01
CUST0096,risk_tier,A,2020-01-01,2021-10-22,2020-01-25,2200-01-01
CUST0096,risk_tier,B,2021-10-22,2023-02-10,2021-11-07,2200-01-01
CUST0096,risk_tier,A,2023-02-10,2024-12-31,2023-03-10,2200-01-01
CUST0096,sector,Energy,2020-01-01,2024-03-31,2020-01-29,2200-01-01
CUST0096,sector,Financials,2024-03-31,2024-12-31,2024-04-06,2200-01-01
CUST0097,risk_tier,B,2020-01-01,2020-07-18,2020-01-01,2200-01-01
CUST0097,risk_tier,C,2020-07-18,2020-11-16,2020-07-27,2200-01-01
CUST0097,risk_tier,C,2020-11-16,2024-03-24,2020-12-13,2200-01-01
CUST0097,risk_tier,C,2024-03-24,2024-12-31,2024-04-11,2200-01-01
CUST0097,sector,Financials,2020-01-01,2023-10-02,2020-01-29,2024-10-29
CUST0097,sector,Financials,2020-01-01,2021-04-24,2024-10-29,2200-01-01
CUST0097,sector,Materials,2021-04-24,2022-10-24,2024-10-29,2200-01-01
CUST0097,sector,Financials,2022-10-24,2023-10-02,2024-10-29,2200-01-01
CUST0097,sector,Technology,2023-10-02,2024-03-25,2023-10-29,2200-01-01
CUST0097,sector,Technology,2024-03-25,2024-12-31,2024-03-29,2200-01-01
CUST0098,risk_tier,C,2020-01-01,2020-09-24,2020-01-08,2200-01-01
CUST0098,risk_tier,A,2020-09-24,2024-12-31,2020-10-12,2200-01-01
CUST0098,sector,Materials,2020-01-01,2022-12-30,2020-01-31,2200-01-01
CUST0098,sector,Financials,2022-12-30,2024-03-27,2023-01-15,2200-01-01
CUST0098,sector,Industrials,2024-03-27,2024-12-31,2024-04-25,2200-01-01
CUST0099,risk_tier,B,2020-01-01,2021-08-06,2020-01-17,2200-01-01
CUST0099,risk_tier,A,2021-08-06,2024-04-10,2021-08-22,2200-01-01
CUST0099,risk_tier,A,2024-04-10,2024-12-31,2024-05-07,2200-01-01
CUST0099,sector,Industrials,2020-01-01,2021-02-04,2020-01-12,2200-01-01
CUST0099,sector,Healthcare,2021-02-04,2023-08-28,2021-02-06,2024-04-24
CUST0099,sector,Financials,2021-02-04,2023-08-28,2024-04-24,2025-04-19
CUST0099,sector,Materials,2021-02-04,2023-08-28,2025-04-19,2200-01-01
CUST0099,sector,Technology,2023-08-28,2023-10-18,2023-09-18,2200-01-01
CUST0099,sector,Technology,2023-10-18,2024-12-31,2023-11-08,2200-01-01
CUST0100,risk_tier,A,2020-01-01,2023-10-08,2020-01-10,2200-01-01
CUST0100,risk_tier,B,2023-10-08,2024-12-31,2023-10-17,2200-01-01
CUST0100,sector,Energy,2020-01-01,2022-07-25,2020-01-16,2200-01-01
CUST0100,sector,Industrials,2022-07-25,2023-03-04,2022-08-20,2024-07-03
CUST0100,sector,Industrials,2022-07-25,2022-10-10,2024-07-03,2200-01-01
CUST0100,sector,Healthcare,2022-10-10,2023-01-07,2024-07-03,2200-01-01
CUST0100,sector,Industrials,2023-01-07,2023-03-04,2024-07-03,2200-01-01
CUST0100,sector,Energy,2023-03-04,2024-12-31,2023-03-14,2200-01-01
CUST0101,risk_tier,B,2020-01-01,2021-02-21,2020-01-18,2200-01-01
CUST0101,risk_tier,B,2021-02-21,2022-08-30,2021-02-26,2200-01-01
CUST0101,risk_tier,A,2022-08-30,2024-12-31,2022-09-29,2200-01-01
CUST0101,sector,Financials,2020-01-01,2021-06-29,2020-01-31,2200-01-01
CUST0101,sector,Healthcare,2021-06-29,2021-11-26,2021-07-12,2200-01-01
CUST0101,sector,Financials,2021-11-26,2024-12-31,2021-12-14,2025-12-02
CUST0101,sector,Financials,2021-11-26,2022-12-26,2025-12-02,2200-01-01
CUST0101,sector,Energy,2022-12-26,2024-03-23,2025-12-02,2200-01-01
CUST0101,sector,Financials,2024-03-23,2024-12-31,2025-12-02,2200-01-01
CUST0102,risk_tier,A,2020-01-01,2020-05-18,2020-01-25,2200-01-01
CUST0102,risk_tier,A,2020-05-18,2022-02-17,2020-05-20,2200-01-01
CUST0102,risk_tier,A,2022-02-17,2022-08-16,2022-03-18,2200-01-01
CUST0102,risk_tier,C,2022-08-16,2024-12-31,2022-08-16,2200-01-01
CUST0102,sector,Technology,2020-01-01,2022-05-29,2020-01-31,2200-01-01
CUST0102,sector,Technology,2022-05-29,2023-05-31,2022-06-16,2200-01-01
CUST0102,sector,Financials,2023-05-31,2023-09-18,2023-06-11,2200-01-01
CUST0102,sector,Industrials,2023-09-18,2024-12-31,2023-10-01,2200-01-01
CUST0103,risk_tier,C,2020-01-01,2020-08-15,2020-01-30,2200-01-01
CUST0103,risk_tier,B,2020-08-15,2024-12-31,2020-09-09,2200-01-01
CUST0103,sector,Technology,2020-01-01,2021-04-04,2020-01-05,2200-01-01
CUST0103,sector,Financials,2021-04-04,2022-12-06,2021-05-02,2024-03-29
CUST0103,sector,Technology,2021-04-04,2022-12-06,2024-03-29,2200-01-01
CUST0103,sector,Materials,2022-12-06,2024-12-31,2022-12-16,2200-01-01
CUST0104,risk_tier,A,2020-01-01,2020-05-04,2020-01-11,2200-01-01
CUST0104,risk_tier,A,2020-05-04,2022-10-04,2020-05-22,2200-01-01
CUST0104,risk_tier,A,2022-10-04,2023-05-05,2022-10-24,2200-01-01
CUST0104,risk_tier,B,2023-05-05,2024-12-31,2023-05-08,2200-01-01
CUST0104,sector,Financials,2020-01-01,2021-06-15,2020-01-26,2200-01-01
CUST0104,sector,Industrials,2021-06-15,2023-06-07,2021-07-07,2200-01-01
CUST0104,sector,Financials,2023-06-07,2024-01-31,2023-06-23,2025-06-06
CUST0104,sector,Financials,2023-06-07,2023-08-29,2025-06-06,2200-01-01
CUST0104,sector,Industrials,2023-08-29,2023-12-02,2025-06-06,2200-01-01
CUST0104,sector,Financials,2023-12-02,2024-01-31,2025-06-06,2200-01-01
CUST0104,sector,Materials,2024-01-31,2024-12-31,2024-02-04,2200-01-01
CUST0105,risk_tier,C,2020-01-01,2023-08-03,2020-01-21,2200-01-01
CUST0105,risk_tier,A,2023-08-03,2024-12-31,2023-08-18,2200-01-01
CUST0105,sector,Materials,2020-01-01,2020-11-19,2020-01-24,2021-11-29
CUST0105,sector,Materials,2020-01-01,2020-04-23,2021-11-29,2200-01-01
CUST0105,sector,Financials,2020-04-23,2020-08-30,2021-11-29,2200-01-01
CUST0105,sector,Materials,2020-08-30,2020-11-19,2021-11-29,2200-01-01
CUST0105,sector,Financials,2020-11-19,2022-11-20,2020-11-25,2200-01-01
CUST0105,sector,Financials,2022-11-20,2023-08-10,2022-12-20,2200-01-01
CUST0105,sector,Financials,2023-08-10,2024-12-31,2023-09-07,2200-01-01
CUST0106,risk_tier,A,2020-01-01,2020-07-28,2020-01-24,2200-01-01
CUST0106,risk_tier,C,2020-07-28,2023-09-04,2020-08-04,2200-01-01
CUST0106,risk_tier,B,2023-09-04,2024-12-31,2023-09-14,2200-01-01
CUST0106,sector,Industrials,2020-01-01,2022-10-11,2020-01-25,2023-12-23
CUST0106,sector,Energy,2020-01-01,2022-10-11,2023-12-23,2200-01-01
CUST0106,sector,Technology,2022-10-11,2024-05-23,2022-11-10,2200-01-01
CUST0106,sector,Technology,2024-05-23,2024-12-31,2024-06-06,2200-01-01
CUST0107,risk_tier,B,2020-01-01,2020-09-15,2020-01-18,2200-01-01
CUST0107,risk_tier,A,2020-09-15,2023-03-13,2020-09-29,2200-01-01
CUST0107,risk_tier,A,2023-03-13,2024-12-31,2023-04-01,2200-01-01
CUST0107,sector,Materials,2020-01-01,2021-09-23,2020-01-19,2200-01-01
CUST0107,sector,Industrials,2021-09-23,2022-11-03,2021-10-02,2200-01-01
CUST0107,sector,Energy,2022-11-03,2023-11-05,2022-11-13,2200-01-01
CUST0107,sector,Healthcare,2023-11-05,2024-12-31,2023-11-05,2025-07-24
CUST0107,sector,Materials,2023-11-05,2024-12-31,2025-07-24,2026-10-26
CUST0107,sector,Technology,2023-11-05,2024-12-31,2026-10-26,2200-01-01
CUST0108,risk_tier,C,2020-01-01,2021-12-10,2020-01-21,2200-01-01
CUST0108,risk_tier,A,2021-12-10,2024-12-31,2021-12-10,2200-01-01
CUST0108,sector,Industrials,2020-01-01,2021-05-10,2020-01-02,2022-07-25
CUST0108,sector,Technology,2020-01-01,2021-05-10,2022-07-25,2200-01-01
CUST0108,sector,Financials,2021-05-10,2023-01-14,2021-05-16,2200-01-01
CUST0108,sector,Industrials,2023-01-14,2024-12-31,2023-02-04,2200-01-01
CUST0109,risk_tier,C,2020-01-01,2020-06-26,2020-01-20,2200-01-01
CUST0109,risk_tier,A,2020-06-26,2022-01-04,2020-07-08,2200-01-01
CUST0109,risk_tier,C,2022-01-04,2024-12-31,2022-02-02,2200-01-01
CUST0109,sector,Technology,2020-01-01,2020-06-21,2020-01-20,2021-07-13
CUST0109,sector,Financials,2020-01-01,2020-06-21,2021-07-13,2200-01-01
CUST0109,sector,Materials,2020-06-21,2024-12-31,2020-06-28,2200-01-01
CUST0110,risk_tier,A,2020-01-01,2020-10-25,2020-01-26,2200-01-01
CUST0110,risk_tier,A,2020-10-25,2021-10-06,2020-10-25,2200-01-01
CUST0110,risk_tier,A,2021-10-06,2023-10-27,2021-10-16,2200-01-01
CUST0110,risk_tier,B,2023-10-27,2024-12-31,2023-11-02,2200-01-01
CUST0110,sector,Technology,2020-01-01,2021-10-15,2020-01-25,2200-01-01
CUST0110,sector,Healthcare,2021-10-15,2022-07-21,2021-10-27,2200-01-01
CUST0110,sector,Technology,2022-07-21,2024-12-31,2022-08-06,2026-02-11
CUST0110,sector,Industrials,2022-07-21,2024-12-31,2026-02-11,2200-01-01
CUST0111,risk_tier,C,2020-01-01,2022-11-10,2020-01-28,2200-01-01
CUST0111,risk_tier,B,2022-11-10,2024-12-31,2022-11-22,2200-01-01
CUST0111,sector,Industrials,2020-01-01,2021-03-05,2020-01-20,2200-01-01
CUST0111,sector,Healthcare,2021-03-05,2022-04-06,2021-03-26,2200-01-01
CUST0111,sector,Industrials,2022-04-06,2022-08-05,2022-04-19,2023-05-01
CUST0111,sector,Materials,2022-04-06,2022-08-05,2023-05-01,2023-11-26
CUST0111,sector,Financials,2022-04-06,2022-08-05,2023-11-26,2200-01-01
CUST0111,sector,Financials,2022-08-05,2024-12-31,2022-08-16,2200-01-01
CUST0112,risk_tier,A,2020-01-01,2023-04-12,2020-01-02,2200-01-01
CUST0112,risk_tier,C,2023-04-12,2024-03-21,2023-04-13,2200-01-01
CUST0112,risk_tier,C,2024-03-21,2024-12-31,2024-03-24,2200-01-01
CUST0112,sector,Financials,2020-01-01,2022-05-23,2020-01-30,2200-01-01
CUST0112,sector,Materials,2022-05-23,2022-12-27,2022-06-01,2200-01-01
CUST0112,sector,Financials,2022-12-27,2023-03-14,2022-12-28,2200-01-01
CUST0112,sector,Healthcare,2023-03-14,2024-12-31,2023-03-19,2025-12-02
CUST0112,sector,Healthcare,2023-03-14,2023-10-30,2025-12-02,2200-01-01
CUST0112,sector,Financials,2023-10-30,2024-07-19,2025-12-02,2200-01-01
CUST0112,sector,Healthcare,2024-07-19,2024-12-31,2025-12-02,2200-01-01
CUST0113,risk_tier,B,2020-01-01,2020-12-01,2020-01-19,2200-01-01
CUST0113,risk_tier,B,2020-12-01,2024-07-10,2020-12-24,2200-01-01
CUST0113,risk_tier,A,2024-07-10,2024-12-31,2024-07-31,2200-01-01
CUST0113,sector,Healthcare,2020-01-01,2022-05-29,2020-01-06,2200-01-01
CUST0113,sector,Financials,2022-05-29,2024-12-31,2022-06-26,2200-01-01
CUST0114,risk_tier,C,2020-01-01,2020-09-01,2020-01-25,2200-01-01
CUST0114,risk_tier,C,2020-09-01,2023-05-22,2020-09-09,2200-01-01
CUST0114,risk_tier,B,2023-05-22,2024-07-01,2023-06-09,2200-01-01
CUST0114,risk_tier,C,2024-07-01,2024-12-31,2024-07-13,2200-01-01
CUST0114,sector,Financials,2020-01-01,2020-12-09,2020-01-13,2200-01-01
CUST0114,sector,Materials,2020-12-09,2024-03-25,2020-12-09,2200-01-01
CUST0114,sector,Materials,2024-03-25,2024-12-31,2024-04-17,2200-01-01
CUST0115,risk_tier,A,2020-01-01,2020-12-17,2020-01-04,2200-01-01
CUST0115,risk_tier,B,2020-12-17,2023-08-11,2021-01-13,2200-01-01
CUST0115,risk_tier,C,2023-08-11,2023-08-12,2023-08-14,2200-01-01
CUST0115,risk_tier,C,2023-08-12,2024-12-31,2023-09-10,2200-01-01
CUST0115,sector,Materials,2020-01-01,2022-07-11,2020-01-07,2200-01-01
CUST0115,sector,Materials,2022-07-11,2024-12-31,2022-07-19,2200-01-01
CUST0116,risk_tier,C,2020-01-01,2021-11-15,2020-01-21,2200-01-01
CUST0116,risk_tier,A,2021-11-15,2021-12-03,2021-12-07,2200-01-01
CUST0116,risk_tier,C,2021-12-03,2023-02-18,2021-12-28,2200-01-01
CUST0116,risk_tier,C,2023-02-18,2024-12-31,2023-02-28,2200-01-01
CUST0116,sector,Technology,2020-01-01,2021-02-12,2020-01-16,2200-01-01
CUST0116,sector,Materials,2021-02-12,2024-12-31,2021-03-10,2200-01-01
CUST0117,risk_tier,B,2020-01-01,2020-10-17,2020-01-02,2200-01-01
CUST0117,risk_tier,B,2020-10-17,2022-08-25,2020-11-12,2200-01-01
CUST0117,risk_tier,C,2022-08-25,2024-04-16,2022-09-17,2200-01-01
CUST0117,risk_tier,C,2024-04-16,2024-12-31,2024-04-23,2200-01-01
CUST0117,sector,Financials,2020-01-01,2020-11-04,2020-01-29,2200-01-01
CUST0117,sector,Technology,2020-11-04,2024-04-19,2020-11-10,2200-01-01
CUST0117,sector,Healthcare,2024-04-19,2024-12-31,2024-04-29,2025-07-27
CUST0117,sector,Healthcare,2024-04-19,2024-07-17,2025-07-27,2200-01-01
CUST0117,sector,Technology,2024-07-17,2024-10-28,2025-07-27,2200-01-01
CUST0117,sector,Healthcare,2024-10-28,2024-12-31,2025-07-27,2200-01-01
CUST0118,risk_tier,B,2020-01-01,2023-12-19,2020-01-05,2200-01-01
CUST0118,risk_tier,B,2023-12-19,2024-12-31,2024-01-08,2200-01-01
CUST0118,sector,Materials,2020-01-01,2024-01-11,2020-01-01,2200-01-01
CUST0118,sector,Industrials,2024-01-11,2024-12-31,2024-01-11,2200-01-01
CUST0119,risk_tier,A,2020-01-01,2020-12-29,2020-01-11,2200-01-01
CUST0119,risk_tier,A,2020-12-29,2023-11-29,2021-01-28,2200-01-01
CUST0119,risk_tier,A,2023-11-29,2024-12-31,2023-12-21,2200-01-01
CUST0119,sector,Healthcare,2020-01-01,2024-06-16,2020-01-14,2200-01-01
CUST0119,sector,Energy,2024-06-16,2024-12-31,2024-07-15,2200-01-01
CUST0120,risk_tier,C,2020-01-01,2023-02-14,2020-01-03,2200-01-01
CUST0120,risk_tier,A,2023-02-14,2024-12-31,2023-02-16,2200-01-01
CUST0120,sector,Technology,2020-01-01,2023-04-07,2020-01-12,2200-01-01
CUST0120,sector,Energy,2023-04-07,2023-10-15,2023-04-12,2200-01-01
CUST0120,sector,Industrials,2023-10-15,2024-12-31,2023-10-19,2200-01-01
CUST0121,risk_tier,C,2020-01-01,2021-07-26,2020-01-27,2200-01-01
CUST0121,risk_tier,C,2021-07-26,2024-12-31,2021-07-31,2200-01-01
CUST0121,sector,Financials,2020-01-01,2022-05-06,2020-01-20,2200-01-01
CUST0121,sector,Energy,2022-05-06,2024-12-31,2022-05-14,2026-01-06
CUST0121,sector,Energy,2022-05-06,2023-04-10,2026-01-06,2200-01-01
CUST0121,sector,Healthcare,2023-04-10,2024-05-02,2026-01-06,2200-01-01
CUST0121,sector,Energy,2024-05-02,2024-12-31,2026-01-06,2200-01-01
CUST0122,risk_tier,C,2020-01-01,2022-01-03,2020-01-31,2200-01-01
CUST0122,risk_tier,B,2022-01-03,2022-05-13,2022-01-12,2200-01-01
CUST0122,risk_tier,A,2022-05-13,2023-09-30,2022-05-17,2200-01-01
CUST0122,risk_tier,A,2023-09-30,2024-12-31,2023-10-28,2200-01-01
CUST0122,sector,Financials,2020-01-01,2021-12-20,2020-01-26,2200-01-01
CUST0122,sector,Materials,2021-12-20,2024-06-04,2022-01-06,2200-01-01
CUST0122,sector,Industrials,2024-06-04,2024-12-31,2024-06-06,2200-01-01
CUST0123,risk_tier,B,2020-01-01,2021-03-14,2020-01-05,2200-01-01
CUST0123,risk_tier,C,2021-03-14,2024-12-31,2021-03-23,2200-01-01
CUST0123,sector,Materials,2020-01-01,2022-12-01,2020-01-20,2200-01-01
CUST0123,sector,Energy,2022-12-01,2024-06-19,2022-12-18,2200-01-01
CUST0123,sector,Energy,2024-06-19,2024-12-31,2024-07-14,2200-01-01
CUST0124,risk_tier,A,2020-01-01,2022-01-02,2020-01-16,2200-01-01
CUST0124,risk_tier,A,2022-01-02,2024-12-31,2022-01-22,2200-01-01
CUST0124,sector,Financials,2020-01-01,2023-06-20,2020-01-28,2200-01-01
CUST0124,sector,Financials,2023-06-20,2024-12-31,2023-07-18,2200-01-01
CUST0125,risk_tier,C,2020-01-01,2022-01-29,2020-01-20,2200-01-01
CUST0125,risk_tier,C,2022-01-29,2023-05-07,2022-02-18,2200-01-01
CUST0125,risk_tier,C,2023-05-07,2024-12-31,2023-05-15,2200-01-01
CUST0125,sector,Materials,2020-01-01,2020-05-18,2020-01-19,2021-08-30
CUST0125,sector,Materials,2020-01-01,2020-02-18,2021-08-30,2200-01-01
CUST0125,sector,Industrials,2020-02-18,2020-04-13,2021-08-30,2200-01-01
CUST0125,sector,Materials,2020-04-13,2020-05-18,2021-08-30,2200-01-01
CUST0125,sector,Energy,2020-05-18,2020-07-21,2020-05-20,2200-01-01
CUST0125,sector,Technology,2020-07-21,2021-08-15,2020-08-11,2200-01-01
CUST0125,sector,Financials,2021-08-15,2024-12-31,2021-08-24,2200-01-01
CUST0126,risk_tier,C,2020-01-01,2024-06-25,2020-01-01,2200-01-01
CUST0126,risk_tier,B,2024-06-25,2024-12-31,2024-07-10,2200-01-01
CUST0126,sector,Materials,2020-01-01,2020-10-27,2020-01-13,2200-01-01
CUST0126,sector,Financials,2020-10-27,2022-04-28,2020-11-21,2200-01-01
CUST0126,sector,Energy,2022-04-28,2022-09-02,2022-04-30,2200-01-01
CUST0126,sector,Healthcare,2022-09-02,2024-12-31,2022-09-28,2200-01-01
CUST0127,risk_tier,A,2020-01-01,2021-09-26,2020-01-10,2200-01-01
CUST0127,risk_tier,C,2021-09-26,2023-12-01,2021-10-07,2200-01-01
CUST0127,risk_tier,C,2023-12-01,2024-12-31,2023-12-29,2200-01-01
CUST0127,sector,Financials,2020-01-01,2021-01-29,2020-01-07,2200-01-01
CUST0127,sector,Materials,2021-01-29,2024-12-31,2021-02-20,2026-04-25
CUST0127,sector,Technology,2021-01-29,2024-12-31,2026-04-25,2200-01-01
CUST0128,risk_tier,C,2020-01-01,2020-08-12,2020-01-06,2200-01-01
CUST0128,risk_tier,C,2020-08-12,2024-12-31,2020-09-10,2200-01-01
CUST0128,sector,Healthcare,2020-01-01,2021-02-22,2020-01-01,2022-07-02
CUST0128,sector,Healthcare,2020-01-01,2020-05-26,2022-07-02,2200-01-01
CUST0128,sector,Energy,2020-05-26,2020-11-09,2022-07-02,2200-01-01
CUST0128,sector,Healthcare,2020-11-09,2021-02-22,2022-07-02,2200-01-01
CUST0128,sector,Materials,2021-02-22,2024-12-31,2021-02-26,2200-01-01
CUST0129,risk_tier,B,2020-01-01,2024-04-03,2020-01-01,2200-01-01
CUST0129,risk_tier,A,2024-04-03,2024-12-31,2024-05-03,2200-01-01
CUST0129,sector,Industrials,2020-01-01,2023-10-16,2020-01-16,2200-01-01
CUST0129,sector,Materials,2023-10-16,2024-06-21,2023-10-31,2025-04-10
CUST0129,sector,Materials,2023-10-16,2024-01-11,2025-04-10,2200-01-01
CUST0129,sector,Technology,2024-01-11,2024-04-19,2025-04-10,2200-01-01
CUST0129,sector,Materials,2024-04-19,2024-06-21,2025-04-10,2200-01-01
CUST0129,sector,Healthcare,2024-06-21,2024-12-31,2024-07-04,2200-01-01
CUST0130,risk_tier,C,2020-01-01,2020-07-01,2020-01-31,2200-01-01
CUST0130,risk_tier,B,2020-07-01,2023-08-25,2020-07-29,2200-01-01
CUST0130,risk_tier,B,2023-08-25,2024-12-31,2023-09-23,2200-01-01
CUST0130,sector,Technology,2020-01-01,2020-12-21,2020-01-22,2200-01-01
CUST0130,sector,Financials,2020-12-21,2021-04-30,2020-12-21,2200-01-01
CUST0130,sector,Materials,2021-04-30,2024-05-27,2021-05-29,2200-01-01
CUST0130,sector,Energy,2024-05-27,2024-12-31,2024-06-02,2026-04-12
CUST0130,sector,Industrials,2024-05-27,2024-12-31,2026-04-12,2200-01-01
CUST0131,risk_tier,B,2020-01-01,2024-07-15,2020-01-17,2200-01-01
CUST0131,risk_tier,B,2024-07-15,2024-12-31,2024-07-25,2200-01-01
CUST0131,sector,Healthcare,2020-01-01,2021-10-14,2020-01-09,2200-01-01
CUST0131,sector,Industrials,2021-10-14,2022-08-09,2021-10-29,2023-10-13
CUST0131,sector,Industrials,2021-10-14,2022-01-26,2023-10-13,2200-01-01
CUST0131,sector,Technology,2022-01-26,2022-05-26,2023-10-13,2200-01-01
CUST0131,sector,Industrials,2022-05-26,2022-08-09,2023-10-13,2200-01-01
CUST0131,sector,Technology,2022-08-09,2022-12-11,2022-08-24,2200-01-01
CUST0131,sector,Industrials,2022-12-11,2024-12-31,2022-12-16,2200-01-01
CUST0132,risk_tier,C,2020-01-01,2023-09-21,2020-01-24,2200-01-01
CUST0132,risk_tier,C,2023-09-21,2024-12-31,2023-10-06,2200-01-01
CUST0132,sector,Healthcare,2020-01-01,2023-12-18,2020-01-29,2200-01-01
CUST0132,sector,Healthcare,2023-12-18,2024-12-31,2024-01-12,2025-08-31
CUST0132,sector,Energy,2023-12-18,2024-12-31,2025-08-31,2200-01-01
CUST0133,risk_tier,C,2020-01-01,2021-10-18,2020-01-15,2200-01-01
CUST0133,risk_tier,A,2021-10-18,2024-08-03,2021-11-05,2200-01-01
CUST0133,risk_tier,A,2024-08-03,2024-12-31,2024-08-24,2200-01-01
CUST0133,sector,Materials,2020-01-01,2020-05-20,2020-01-27,2200-01-01
CUST0133,sector,Energy,2020-05-20,2024-12-31,2020-05-31,2200-01-01
CUST0134,risk_tier,B,2020-01-01,2022-02-01,2020-01-16,2200-01-01
CUST0134,risk_tier,B,2022-02-01,2023-07-15,2022-02-25,2200-01-01
CUST0134,risk_tier,C,2023-07-15,2023-12-25,2023-07-18,2200-01-01
CUST0134,risk_tier,C,2023-12-25,2024-12-31,2024-01-03,2200-01-01
CUST0134,sector,Financials,2020-01-01,2022-05-15,2020-01-20,2200-01-01
CUST0134,sector,Materials,2022-05-15,2022-08-18,2022-05-29,2200-01-01
CUST0134,sector,Healthcare,2022-08-18,2022-12-22,2022-08-18,2200-01-01
CUST0134,sector,Healthcare,2022-12-22,2024-12-31,2023-01-10,2200-01-01
CUST0135,risk_tier,C,2020-01-01,2022-08-12,2020-01-21,2200-01-01
CUST0135,risk_tier,A,2022-08-12,2024-12-31,2022-08-31,2200-01-01
CUST0135,sector,Healthcare,2020-01-01,2022-04-17,2020-01-26,2023-05-02
CUST0135,sector,Industrials,2020-01-01,2022-04-17,2023-05-02,2200-01-01
CUST0135,sector,Financials,2022-04-17,2024-12-31,2022-04-27,2200-01-01
CUST0136,risk_tier,C,2020-01-01,2023-06-01,2020-01-29,2200-01-01
CUST0136,risk_tier,A,2023-06-01,2024-12-31,2023-06-04,2200-01-01
CUST0136,sector,Technology,2020-01-01,2021-08-09,2020-01-15,2200-01-01
CUST0136,sector,Healthcare,2021-08-09,2022-03-31,2021-08-25,2200-01-01
CUST0136,sector,Industrials,2022-03-31,2022-11-02,2022-04-08,2200-01-01
CUST0136,sector,Energy,2022-11-02,2024-12-31,2022-11-05,2200-01-01
CUST0137,risk_tier,A,2020-01-01,2021-01-08,2020-01-29,2200-01-01
CUST0137,risk_tier,B,2021-01-08,2024-12-31,2021-01-21,2200-01-01
CUST0137,sector,Industrials,2020-01-01,2021-01-28,2020-01-05,2022-02-20
CUST0137,sector,Industrials,2020-01-01,2020-05-17,2022-02-20,2200-01-01
CUST0137,sector,Financials,2020-05-17,2020-10-21,2022-02-20,2200-01-01
CUST0137,sector,Industrials,2020-10-21,2021-01-28,2022-02-20,2200-01-01
CUST0137,sector,Healthcare,2021-01-28,2024-12-31,2021-02-04,2200-01-01
CUST0138,risk_tier,C,2020-01-01,2021-05-27,2020-01-08,2200-01-01
CUST0138,risk_tier,B,2021-05-27,2022-11-23,2021-06-25,2200-01-01
CUST0138,risk_tier,B,2022-11-23,2024-12-31,2022-12-15,2200-01-01
CUST0138,sector,Technology,2020-01-01,2020-06-16,2020-01-29,2200-01-01
CUST0138,sector,Energy,2020-06-16,2024-12-31,2020-06-18,2025-07-19
CUST0138,sector,Materials,2020-06-16,2024-12-31,2025-07-19,2026-05-31
CUST0138,sector,Technology,2020-06-16,2024-12-31,2026-05-31,2200-01-01
CUST0139,risk_tier,B,2020-01-01,2022-10-27,2020-01-10,2200-01-01
CUST0139,risk_tier,C,2022-10-27,2024-03-29,2022-11-12,2200-01-01
CUST0139,risk_tier,B,2024-03-29,2024-12-31,2024-04-27,2200-01-01
CUST0139,sector,Technology,2020-01-01,2020-06-18,2020-01-31,2200-01-01
CUST0139,sector,Financials,2020-06-18,2021-02-14,2020-06-27,2200-01-01
CUST0139,sector,Industrials,2021-02-14,2024-02-28,2021-02-25,2200-01-01
CUST0139,sector,Materials,2024-02-28,2024-12-31,2024-02-29,2200-01-01
CUST0140,risk_tier,A,2020-01-01,2020-09-05,2020-01-15,2200-01-01
CUST0140,risk_tier,C,2020-09-05,2024-12-31,2020-09-10,2200-01-01
CUST0140,sector,Energy,2020-01-01,2020-08-13,2020-01-24,2021-06-13
CUST0140,sector,Materials,2020-01-01,2020-08-13,2021-06-13,2200-01-01
CUST0140,sector,Healthcare,2020-08-13,2022-12-08,2020-09-04,2200-01-01
CUST0140,sector,Industrials,2022-12-08,2024-07-31,2022-12-15,2200-01-01
CUST0140,sector,Technology,2024-07-31,2024-12-31,2024-08-17,2200-01-01
CUST0141,risk_tier,C,2020-01-01,2022-07-27,2020-01-10,2200-01-01
CUST0141,risk_tier,B,2022-07-27,2024-12-31,2022-07-28,2200-01-01
CUST0141,sector,Industrials,2020-01-01,2022-08-06,2020-01-24,2200-01-01
CUST0141,sector,Financials,2022-08-06,2023-01-29,2022-08-12,2200-01-01
CUST0141,sector,Materials,2023-01-29,2024-12-31,2023-01-29,2200-01-01
CUST0142,risk_tier,B,2020-01-01,2020-07-31,2020-01-15,2200-01-01
CUST0142,risk_tier,A,2020-07-31,2021-04-18,2020-08-07,2200-01-01
CUST0142,risk_tier,A,2021-04-18,2024-12-31,2021-05-01,2200-01-01
CUST0142,sector,Materials,2020-01-01,2020-12-29,2020-01-18,2200-01-01
CUST0142,sector,Industrials,2020-12-29,2022-12-12,2021-01-22,2200-01-01
CUST0142,sector,Healthcare,2022-12-12,2023-03-28,2023-01-04,2200-01-01
CUST0142,sector,Industrials,2023-03-28,2024-12-31,2023-04-09,2200-01-01
CUST0143,risk_tier,B,2020-01-01,2023-02-23,2020-01-28,2200-01-01
CUST0143,risk_tier,B,2023-02-23,2024-12-31,2023-03-07,2200-01-01
CUST0143,sector,Healthcare,2020-01-01,2022-12-07,2020-01-29,2200-01-01
CUST0143,sector,Energy,2022-12-07,2023-08-22,2022-12-20,2200-01-01
CUST0143,sector,Industrials,2023-08-22,2024-12-31,2023-08-25,2200-01-01
CUST0144,risk_tier,B,2020-01-01,2023-03-09,2020-01-28,2200-01-01
CUST0144,risk_tier,B,2023-03-09,2023-10-05,2023-03-25,2200-01-01
CUST0144,risk_tier,B,2023-10-05,2023-10-25,2023-10-07,2200-01-01
CUST0144,risk_tier,A,2023-10-25,2024-12-31,2023-10-31,2200-01-01
CUST0144,sector,Materials,2020-01-01,2020-09-21,2020-01-05,2200-01-01
CUST0144,sector,Materials,2020-09-21,2021-04-16,2020-10-09,2200-01-01
CUST0144,sector,Energy,2021-04-16,2023-05-18,2021-05-09,2200-01-01
CUST0144,sector,Technology,2023-05-18,2024-12-31,2023-06-06,2200-01-01
CUST0145,risk_tier,A,2020-01-01,2023-03-24,2020-01-19,2200-01-01
CUST0145,risk_tier,C,2023-03-24,2024-12-31,2023-03-29,2200-01-01
CUST0145,sector,Financials,2020-01-01,2021-02-05,2020-01-12,2200-01-01
CUST0145,sector,Technology,2021-02-05,2022-03-03,2021-02-06,2200-01-01
CUST0145,sector,Industrials,2022-03-03,2023-10-11,2022-03-23,2200-01-01
CUST0145,sector,Materials,2023-10-11,2024-12-31,2023-11-07,2200-01-01
CUST0146,risk_tier,B,2020-01-01,2023-04-28,2020-01-27,2200-01-01
CUST0146,risk_tier,C,2023-04-28,2024-04-15,2023-05-06,2200-01-01
CUST0146,risk_tier,A,2024-04-15,2024-12-31,2024-05-08,2200-01-01
CUST0146,sector,Technology,2020-01-01,2020-10-20,2020-01-10,2200-01-01
CUST0146,sector,Technology,2020-10-20,2024-06-22,2020-10-29,2200-01-01
CUST0146,sector,Financials,2024-06-22,2024-12-31,2024-07-07,2200-01-01
CUST0147,risk_tier,A,2020-01-01,2021-05-27,2020-01-15,2200-01-01
CUST0147,risk_tier,C,2021-05-27,2023-03-26,2021-06-07,2200-01-01
CUST0147,risk_tier,B,2023-03-26,2024-12-31,2023-04-14,2200-01-01
CUST0147,sector,Healthcare,2020-01-01,2021-03-11,2020-01-21,2200-01-01
CUST0147,sector,Industrials,2021-03-11,2021-12-19,2021-03-25,2200-01-01
CUST0147,sector,Materials,2021-12-19,2022-01-05,2021-12-27,2200-01-01
CUST0147,sector,Financials,2022-01-05,2024-12-31,2022-01-27,2200-01-01
CUST0148,risk_tier,C,2020-01-01,2020-06-12,2020-01-21,2200-01-01
CUST0148,risk_tier,C,2020-06-12,2022-02-22,2020-06-17,2200-01-01
CUST0148,risk_tier,C,2022-02-22,2024-12-31,2022-02-22,2200-01-01
CUST0148,sector,Materials,2020-01-01,2020-06-29,2020-01-22,2200-01-01
CUST0148,sector,Energy,2020-06-29,2021-04-01,2020-07-28,2200-01-01
CUST0148,sector,Healthcare,2021-04-01,2023-02-15,2021-04-06,2200-01-01
CUST0148,sector,Financials,2023-02-15,2024-12-31,2023-03-07,2026-02-21
CUST0148,sector,Financials,2023-02-15,2023-10-12,2026-02-21,2200-01-01
CUST0148,sector,Healthcare,2023-10-12,2024-07-12,2026-02-21,2200-01-01
CUST0148,sector,Financials,2024-07-12,2024-12-31,2026-02-21,2200-01-01
CUST0149,risk_tier,A,2020-01-01,2023-09-17,2020-01-02,2200-01-01
CUST0149,risk_tier,A,2023-09-17,2024-12-31,2023-10-08,2200-01-01
CUST0149,sector,Healthcare,2020-01-01,2022-07-22,2020-01-18,2200-01-01
CUST0149,sector,Materials,2022-07-22,2023-01-15,2022-07-25,2200-01-01
CUST0149,sector,Healthcare,2023-01-15,2023-08-15,2023-01-25,2024-07-30
CUST0149,sector,Healthcare,2023-01-15,2023-03-30,2024-07-30,2200-01-01
CUST0149,sector,Materials,2023-03-30,2023-06-23,2024-07-30,2200-01-01
CUST0149,sector,Healthcare,2023-06-23,2023-08-15,2024-07-30,2200-01-01
CUST0149,sector,Healthcare,2023-08-15,2024-12-31,2023-08-28,2200-01-01
CUST0150,risk_tier,A,2020-01-01,2020-08-06,2020-01-30,2200-01-01
CUST0150,risk_tier,A,2020-08-06,2022-10-17,2020-08-18,2200-01-01
CUST0150,risk_tier,C,2022-10-17,2023-10-05,2022-11-15,2200-01-01
CUST0150,risk_tier,B,2023-10-05,2024-12-31,2023-10-07,2200-01-01
CUST0150,sector,Technology,2020-01-01,2021-02-27,2020-01-08,2200-01-01
CUST0150,sector,Healthcare,2021-02-27,2021-07-15,2021-03-23,2200-01-01
CUST0150,sector,Materials,2021-07-15,2024-01-29,2021-07-18,2200-01-01
CUST0150,sector,Industrials,2024-01-29,2024-12-31,2024-01-29,2025-12-29
CUST0150,sector,Industrials,2024-01-29,2024-05-25,2025-12-29,2200-01-01
CUST0150,sector,Technology,2024-05-25,2024-10-07,2025-12-29,2200-01-01
CUST0150,sector,Industrials,2024-10-07,2024-12-31,2025-12-29,2200-01-01
CUST0151,risk_tier,B,2020-01-01,2023-07-03,2020-01-10,2200-01-01
CUST0151,risk_tier,A,2023-07-03,2024-12-31,2023-07-17,2200-01-01
CUST0151,sector,Materials,2020-01-01,2020-06-04,2020-01-04,2200-01-01
CUST0151,sector,Financials,2020-06-04,2020-09-06,2020-06-12,2021-09-29
CUST0151,sector,Technology,2020-06-04,2020-09-06,2021-09-29,2200-01-01
CUST0151,sector,Technology,2020-09-06,2022-11-13,2020-09-19,2200-01-01
CUST0151,sector,Healthcare,2022-11-13,2024-12-31,2022-12-12,2200-01-01
CUST0152,risk_tier,A,2020-01-01,2021-07-28,2020-01-16,2200-01-01
CUST0152,risk_tier,B,2021-07-28,2024-12-31,2021-08-10,2200-01-01
CUST0152,sector,Financials,2020-01-01,2022-08-31,2020-01-18,2200-01-01
CUST0152,sector,Healthcare,2022-08-31,2024-12-31,2022-09-19,2200-01-01
CUST0153,risk_tier,A,2020-01-01,2021-09-21,2020-01-02,2200-01-01
CUST0153,risk_tier,B,2021-09-21,2021-11-07,2021-09-22,2200-01-01
CUST0153,risk_tier,A,2021-11-07,2022-08-03,2021-11-12,2200-01-01
CUST0153,risk_tier,A,2022-08-03,2024-12-31,2022-08-16,2200-01-01
CUST0153,sector,Healthcare,2020-01-01,2022-10-25,2020-01-16,2200-01-01
CUST0153,sector,Materials,2022-10-25,2024-12-31,2022-11-22,2200-01-01
CUST0154,risk_tier,A,2020-01-01,2022-06-15,2020-01-23,2200-01-01
CUST0154,risk_tier,A,2022-06-15,2023-04-04,2022-06-21,2200-01-01
CUST0154,risk_tier,B,2023-04-04,2023-11-19,2023-05-03,2200-01-01
CUST0154,risk_tier,C,2023-11-19,2024-12-31,2023-12-02,2200-01-01
CUST0154,sector,Healthcare,2020-01-01,2021-01-19,2020-01-27,2200-01-01
CUST0154,sector,Industrials,2021-01-19,2021-03-14,2021-02-16,2200-01-01
CUST0154,sector,Industrials,2021-03-14,2024-12-31,2021-04-07,2025-08-16
CUST0154,sector,Financials,2021-03-14,2024-12-31,2025-08-16,2200-01-01
CUST0155,risk_tier,A,2020-01-01,2021-08-11,2020-01-13,2200-01-01
CUST0155,risk_tier,A,2021-08-11,2024-12-31,2021-08-25,2200-01-01
CUST0155,sector,Materials,2020-01-01,2021-01-18,2020-01-03,2200-01-01
CUST0155,sector,Energy,2021-01-18,2021-09-25,2021-02-16,2200-01-01
CUST0155,sector,Energy,2021-09-25,2023-06-08,2021-10-24,2200-01-01
CUST0155,sector,Energy,2023-06-08,2024-12-31,2023-07-03,2200-01-01
CUST0156,risk_tier,A,2020-01-01,2021-05-13,2020-01-26,2200-01-01
CUST0156,risk_tier,A,2021-05-13,2022-03-01,2021-05-24,2200-01-01
CUST0156,risk_tier,A,2022-03-01,2022-12-11,2022-03-14,2200-01-01
CUST0156,risk_tier,A,2022-12-11,2024-12-31,2022-12-23,2200-01-01
CUST0156,sector,Healthcare,2020-01-01,2021-08-06,2020-01-30,2022-06-02
CUST0156,sector,Healthcare,2020-01-01,2020-07-23,2022-06-02,2200-01-01
CUST0156,sector,Materials,2020-07-23,2021-03-13,2022-06-02,2200-01-01
CUST0156,sector,Healthcare,2021-03-13,2021-08-06,2022-06-02,2200-01-01
CUST0156,sector,Technology,2021-08-06,2024-12-31,2021-08-12,2200-01-01
CUST0157,risk_tier,A,2020-01-01,2022-03-09,2020-01-07,2200-01-01
CUST0157,risk_tier,B,2022-03-09,2023-01-28,2022-03-24,2200-01-01
CUST0157,risk_tier,A,2023-01-28,2023-05-12,2023-02-13,2200-01-01
CUST0157,risk_tier,B,2023-05-12,2024-12-31,2023-06-06,2200-01-01
CUST0157,sector,Healthcare,2020-01-01,2021-07-04,2020-01-10,2200-01-01
CUST0157,sector,Industrials,2021-07-04,2022-01-11,2021-08-03,2022-08-06
CUST0157,sector,Materials,2021-07-04,2022-01-11,2022-08-06,2200-01-01
CUST0157,sector,Industrials,2022-01-11,2024-12-31,2022-01-28,2200-01-01
CUST0158,risk_tier,A,2020-01-01,2021-07-27,2020-01-09,2200-01-01
CUST0158,risk_tier,B,2021-07-27,2024-12-31,2021-08-20,2200-01-01
CUST0158,sector,Financials,2020-01-01,2020-05-10,2020-01-29,2021-05-18
CUST0158,sector,Materials,2020-01-01,2020-05-10,2021-05-18,2200-01-01
CUST0158,sector,Technology,2020-05-10,2021-08-20,2020-05-18,2200-01-01
CUST0158,sector,Energy,2021-08-20,2022-06-21,2021-09-06,2200-01-01
CUST0158,sector,Healthcare,2022-06-21,2024-12-31,2022-06-21,2200-01-01
CUST0159,risk_tier,A,2020-01-01,2020-12-01,2020-01-04,2200-01-01
CUST0159,risk_tier,C,2020-12-01,2023-07-17,2020-12-20,2200-01-01
CUST0159,risk_tier,B,2023-07-17,2024-12-31,2023-08-15,2200-01-01
CUST0159,sector,Technology,2020-01-01,2021-02-27,2020-01-08,2200-01-01
CUST0159,sector,Materials,2021-02-27,2024-12-31,2021-03-13,2025-09-07
CUST0159,sector,Materials,2021-02-27,2022-07-03,2025-09-07,2200-01-01
CUST0159,sector,Financials,2022-07-03,2024-01-15,2025-09-07,2200-01-01
CUST0159,sector,Materials,2024-01-15,2024-12-31,2025-09-07,2200-01-01
CUST0160,risk_tier,A,2020-01-01,2020-10-21,2020-01-04,2200-01-01
CUST0160,risk_tier,C,2020-10-21,2021-02-18,2020-11-04,2200-01-01
CUST0160,risk_tier,A,2021-02-18,2024-08-13,2021-03-08,2200-01-01
CUST0160,risk_tier,A,2024-08-13,2024-12-31,2024-08-29,2200-01-01
CUST0160,sector,Industrials,2020-01-01,2023-07-10,2020-01-01,2200-01-01
CUST0160,sector,Healthcare,2023-07-10,2023-12-20,2023-08-04,2200-01-01
CUST0160,sector,Technology,2023-12-20,2024-12-31,2023-12-26,2200-01-01
CUST0161,risk_tier,A,2020-01-01,2022-01-02,2020-01-16,2200-01-01
CUST0161,risk_tier,C,2022-01-02,2023-02-01,2022-01-22,2200-01-01
CUST0161,risk_tier,B,2023-02-01,2023-07-27,2023-02-12,2200-01-01
CUST0161,risk_tier,C,2023-07-27,2024-12-31,2023-08-03,2200-01-01
CUST0161,sector,Healthcare,2020-01-01,2021-04-13,2020-01-25,2200-01-01
CUST0161,sector,Financials,2021-04-13,2021-05-23,2021-04-16,2200-01-01
CUST0161,sector,Technology,2021-05-23,2021-07-30,2021-06-12,2200-01-01
CUST0161,sector,Materials,2021-07-30,2024-12-31,2021-08-25,2200-01-01
CUST0162,risk_tier,C,2020-01-01,2021-09-05,2020-01-14,2200-01-01
CUST0162,risk_tier,B,2021-09-05,2022-10-25,2021-09-24,2200-01-01
CUST0162,risk_tier,A,2022-10-25,2023-04-27,2022-11-11,2200-01-01
CUST0162,risk_tier,A,2023-04-27,2024-12-31,2023-05-14,2200-01-01
CUST0162,sector,Healthcare,2020-01-01,2020-11-08,2020-01-03,2200-01-01
CUST0162,sector,Financials,2020-11-08,2020-12-07,2020-11-08,2200-01-01
CUST0162,sector,Healthcare,2020-12-07,2022-08-24,2020-12-24,2200-01-01
CUST0162,sector,Healthcare,2022-08-24,2024-12-31,2022-08-25,2200-01-01
CUST0163,risk_tier,A,2020-01-01,2023-03-09,2020-01-27,2200-01-01
CUST0163,risk_tier,A,2023-03-09,2024-12-31,2023-03-17,2200-01-01
CUST0163,sector,Industrials,2020-01-01,2020-11-27,2020-01-06,2200-01-01
CUST0163,sector,Financials,2020-11-27,2021-11-12,2020-12-05,2200-01-01
CUST0163,sector,Energy,2021-11-12,2024-12-31,2021-11-16,2200-01-01
CUST0164,risk_tier,B,2020-01-01,2021-02-18,2020-01-25,2200-01-01
CUST0164,risk_tier,B,2021-02-18,2021-11-19,2021-02-19,2200-01-01
CUST0164,risk_tier,A,2021-11-19,2022-10-26,2021-11-30,2200-01-01
CUST0164,risk_tier,C,2022-10-26,2024-12-31,2022-10-31,2200-01-01
CUST0164,sector,Financials,2020-01-01,2020-10-02,2020-01-06,2200-01-01
CUST0164,sector,Healthcare,2020-10-02,2024-04-12,2020-10-16,2200-01-01
CUST0164,sector,Technology,2024-04-12,2024-08-01,2024-05-06,2200-01-01
CUST0164,sector,Industrials,2024-08-01,2024-12-31,2024-08-29,2200-01-01
CUST0165,risk_tier,A,2020-01-01,2022-02-18,2020-01-06,2200-01-01
CUST0165,risk_tier,A,2022-02-18,2024-12-31,2022-03-06,2200-01-01
CUST0165,sector,Industrials,2020-01-01,2020-10-17,2020-01-18,2200-01-01
CUST0165,sector,Energy,2020-10-17,2021-09-17,2020-10-31,2200-01-01
CUST0165,sector,Financials,2021-09-17,2024-12-31,2021-10-03,2200-01-01
CUST0166,risk_tier,B,2020-01-01,2022-04-04,2020-01-02,2200-01-01
CUST0166,risk_tier,A,2022-04-04,2024-12-31,2022-04-28,2200-01-01
CUST0166,sector,Materials,2020-01-01,2020-11-08,2020-01-01,2200-01-01
CUST0166,sector,Financials,2020-11-08,2024-12-31,2020-12-07,2026-03-10
CUST0166,sector,Technology,2020-11-08,2024-12-31,2026-03-10,2200-01-01
CUST0167,risk_tier,C,2020-01-01,2024-03-16,2020-01-20,2200-01-01
CUST0167,risk_tier,B,2024-03-16,2024-12-31,2024-03-26,2200-01-01
CUST0167,sector,Technology,2020-01-01,2021-12-31,2020-01-02,2200-01-01
CUST0167,sector,Healthcare,2021-12-31,2022-04-10,2022-01-24,2023-04-16
CUST0167,sector,Financials,2021-12-31,2022-04-10,2023-04-16,2200-01-01
CUST0167,sector,Materials,2022-04-10,2022-10-04,2022-05-08,2200-01-01
CUST0167,sector,Energy,2022-10-04,2024-12-31,2022-10-14,2200-01-01
CUST0168,risk_tier,A,2020-01-01,2021-07-18,2020-01-13,2200-01-01
CUST0168,risk_tier,B,2021-07-18,2024-03-10,2021-08-13,2200-01-01
CUST0168,risk_tier,C,2024-03-10,2024-04-21,2024-04-07,2200-01-01
CUST0168,risk_tier,C,2024-04-21,2024-12-31,2024-05-17,2200-01-01
CUST0168,sector,Energy,2020-01-01,2021-06-18,2020-01-15,2200-01-01
CUST0168,sector,Technology,2021-06-18,2024-12-31,2021-06-20,2025-07-20
CUST0168,sector,Financials,2021-06-18,2024-12-31,2025-07-20,2026-03-25
CUST0168,sector,Materials,2021-06-18,2024-12-31,2026-03-25,2200-01-01
CUST0169,risk_tier,C,2020-01-01,2022-02-19,2020-01-02,2200-01-01
CUST0169,risk_tier,B,2022-02-19,2023-08-08,2022-03-04,2200-01-01
CUST0169,risk_tier,B,2023-08-08,2024-03-07,2023-08-11,2200-01-01
CUST0169,risk_tier,A,2024-03-07,2024-12-31,2024-03-27,2200-01-01
CUST0169,sector,Materials,2020-01-01,2021-07-10,2020-01-03,2200-01-01
CUST0169,sector,Materials,2021-07-10,2024-12-31,2021-07-10,2200-01-01
CUST0170,risk_tier,A,2020-01-01,2021-03-08,2020-01-05,2200-01-01
CUST0170,risk_tier,B,2021-03-08,2021-11-06,2021-03-09,2200-01-01
CUST0170,risk_tier,A,2021-11-06,2022-03-05,2021-11-25,2200-01-01
CUST0170,risk_tier,B,2022-03-05,2024-12-31,2022-03-11,2200-01-01
CUST0170,sector,Materials,2020-01-01,2024-08-26,2020-01-14,2025-02-03
CUST0170,sector,Technology,2020-01-01,2024-08-26,2025-02-03,2025-11-16
CUST0170,sector,Healthcare,2020-01-01,2024-08-26,2025-11-16,2200-01-01
CUST0170,sector,Technology,2024-08-26,2024-12-31,2024-09-22,2200-01-01
CUST0171,risk_tier,B,2020-01-01,2023-01-10,2020-01-15,2200-01-01
CUST0171,risk_tier,A,2023-01-10,2024-04-22,2023-01-19,2200-01-01
CUST0171,risk_tier,A,2024-04-22,2024-05-22,2024-05-12,2200-01-01
CUST0171,risk_tier,A,2024-05-22,2024-12-31,2024-06-01,2200-01-01
CUST0171,sector,Healthcare,2020-01-01,2022-05-25,2020-01-08,2023-06-23
CUST0171,sector,Materials,2020-01-01,2022-05-25,2023-06-23,2200-01-01
CUST0171,sector,Technology,2022-05-25,2024-12-31,2022-06-21,2200-01-01
CUST0172,risk_tier,B,2020-01-01,2021-01-12,2020-01-06,2200-01-01
CUST0172,risk_tier,C,2021-01-12,2022-10-24,2021-01-24,2200-01-01
CUST0172,risk_tier,A,2022-10-24,2024-12-31,2022-10-26,2200-01-01
CUST0172,sector,Healthcare,2020-01-01,2021-01-10,2020-01-12,2200-01-01
CUST0172,sector,Materials,2021-01-10,2024-05-14,2021-01-27,2200-01-01
CUST0172,sector,Industrials,2024-05-14,2024-12-31,2024-05-16,2200-01-01
CUST0173,risk_tier,C,2020-01-01,2023-01-29,2020-01-30,2200-01-01
CUST0173,risk_tier,A,2023-01-29,2023-02-02,2023-02-14,2200-01-01
CUST0173,risk_tier,C,2023-02-02,2024-12-31,2023-02-02,2200-01-01
CUST0173,sector,Materials,2020-01-01,2022-06-24,2020-01-12,2200-01-01
CUST0173,sector,Energy,2022-06-24,2023-02-28,2022-07-05,2024-05-21
CUST0173,sector,Financials,2022-06-24,2023-02-28,2024-05-21,2200-01-01
CUST0173,sector,Materials,2023-02-28,2024-04-06,2023-03-02,2200-01-01
CUST0173,sector,Industrials,2024-04-06,2024-12-31,2024-04-30,2200-01-01
CUST0174,risk_tier,A,2020-01-01,2022-03-28,2020-01-21,2200-01-01
CUST0174,risk_tier,B,2022-03-28,2024-12-31,2022-04-08,2200-01-01
CUST0174,sector,Energy,2020-01-01,2020-08-30,2020-01-11,2200-01-01
CUST0174,sector,Materials,2020-08-30,2022-03-12,2020-09-16,2200-01-01
CUST0174,sector,Materials,2022-03-12,2022-08-10,2022-04-03,2023-11-05
CUST0174,sector,Healthcare,2022-03-12,2022-08-10,2023-11-05,2200-01-01
CUST0174,sector,Healthcare,2022-08-10,2024-12-31,2022-08-14,2200-01-01
CUST0175,risk_tier,B,2020-01-01,2020-05-08,2020-01-06,2200-01-01
CUST0175,risk_tier,B,2020-05-08,2020-11-28,2020-05-15,2200-01-01
CUST0175,risk_tier,B,2020-11-28,2022-09-04,2020-12-02,2200-01-01
CUST0175,risk_tier,B,2022-09-04,2024-12-31,2022-09-26,2200-01-01
CUST0175,sector,Financials,2020-01-01,2020-10-14,2020-01-03,2021-09-25
CUST0175,sector,Financials,2020-01-01,2020-04-10,2021-09-25,2200-01-01
CUST0175,sector,Materials,2020-04-10,2020-08-03,2021-09-25,2200-01-01
CUST0175,sector,Financials,2020-08-03,2020-10-14,2021-09-25,2200-01-01
CUST0175,sector,Technology,2020-10-14,2024-12-31,2020-11-08,2200-01-01
CUST0176,risk_tier,C,2020-01-01,2021-02-01,2020-01-15,2200-01-01
CUST0176,risk_tier,B,2021-02-01,2024-12-31,2021-02-07,2200-01-01
CUST0176,sector,Technology,2020-01-01,2022-04-17,2020-01-04,2200-01-01
CUST0176,sector,Financials,2022-04-17,2023-02-14,2022-05-16,2200-01-01
CUST0176,sector,Healthcare,2023-02-14,2024-01-03,2023-03-15,2200-01-01
CUST0176,sector,Industrials,2024-01-03,2024-12-31,2024-01-15,2200-01-01
CUST0177,risk_tier,C,2020-01-01,2021-02-05,2020-01-14,2200-01-01
CUST0177,risk_tier,C,2021-02-05,2022-06-30,2021-02-22,2200-01-01
CUST0177,risk_tier,C,2022-06-30,2024-12-31,2022-07-02,2200-01-01
CUST0177,sector,Industrials,2020-01-01,2021-08-26,2020-01-18,2200-01-01
CUST0177,sector,Industrials,2021-08-26,2022-02-04,2021-08-31,2200-01-01
CUST0177,sector,Industrials,2022-02-04,2023-02-27,2022-02-22,2200-01-01
CUST0177,sector,Energy,2023-02-27,2024-12-31,2023-03-08,2200-01-01
CUST0178,risk_tier,C,2020-01-01,2024-08-10,2020-01-03,2200-01-01
CUST0178,risk_tier,B,2024-08-10,2024-12-31,2024-08-23,2200-01-01
CUST0178,sector,Financials,2020-01-01,2021-02-25,2020-01-14,2200-01-01
CUST0178,sector,Energy,2021-02-25,2022-06-04,2021-03-23,2200-01-01
CUST0178,sector,Technology,2022-06-04,2024-12-31,2022-06-22,2200-01-01
CUST0179,risk_tier,B,2020-01-01,2020-07-20,2020-01-16,2200-01-01
CUST0179,risk_tier,B,2020-07-20,2023-11-23,2020-07-23,2200-01-01
CUST0179,risk_tier,A,2023-11-23,2024-12-31,2023-12-07,2200-01-01
CUST0179,sector,Materials,2020-01-01,2023-05-30,2020-01-25,2200-01-01
CUST0179,sector,Materials,2023-05-30,2024-12-31,2023-05-30,2026-05-08
CUST0179,sector,Financials,2023-05-30,2024-12-31,2026-05-08,2200-01-01
CUST0180,risk_tier,A,2020-01-01,2021-04-30,2020-01-13,2200-01-01
CUST0180,risk_tier,C,2021-04-30,2024-12-31,2021-05-14,2200-01-01
CUST0180,sector,Financials,2020-01-01,2023-03-14,2020-01-02,2200-01-01
CUST0180,sector,Healthcare,2023-03-14,2023-03-20,2023-03-25,2200-01-01
CUST0180,sector,Materials,2023-03-20,2024-12-31,2023-03-30,2025-12-21
CUST0180,sector,Energy,2023-03-20,2024-12-31,2025-12-21,2200-01-01
CUST0181,risk_tier,B,2020-01-01,2020-07-14,2020-01-06,2200-01-01
CUST0181,risk_tier,B,2020-07-14,2024-12-31,2020-08-04,2200-01-01
CUST0181,sector,Energy,2020-01-01,2020-06-16,2020-01-28,2200-01-01
CUST0181,sector,Industrials,2020-06-16,2020-07-09,2020-06-30,2200-01-01
CUST0181,sector,Industrials,2020-07-09,2022-05-15,2020-07-14,2200-01-01
CUST0181,sector,Financials,2022-05-15,2024-12-31,2022-06-03,2200-01-01
CUST0182,risk_tier,B,2020-01-01,2020-07-10,2020-01-15,2200-01-01
CUST0182,risk_tier,B,2020-07-10,2020-11-02,2020-07-15,2200-01-01
CUST0182,risk_tier,A,2020-11-02,2024-05-12,2020-11-09,2200-01-01
CUST0182,risk_tier,C,2024-05-12,2024-12-31,2024-06-10,2200-01-01
CUST0182,sector,Industrials,2020-01-01,2024-03-26,2020-01-26,2200-01-01
CUST0182,sector,Materials,2024-03-26,2024-12-31,2024-04-06,2200-01-01
CUST0183,risk_tier,C,2020-01-01,2020-07-19,2020-01-06,2200-01-01
CUST0183,risk_tier,C,2020-07-19,2021-03-11,2020-08-01,2200-01-01
CUST0183,risk_tier,A,2021-03-11,2022-09-16,2021-03-30,2200-01-01
CUST0183,risk_tier,C,2022-09-16,2024-12-31,2022-09-18,2200-01-01
CUST0183,sector,Energy,2020-01-01,2023-09-05,2020-01-29,2024-04-29
CUST0183,sector,Healthcare,2020-01-01,2023-09-05,2024-04-29,2025-02-06
CUST0183,sector,Industrials,2020-01-01,2023-09-05,2025-02-06,2200-01-01
CUST0183,sector,Energy,2023-09-05,2024-12-31,2023-09-10,2200-01-01
CUST0184,risk_tier,B,2020-01-01,2020-06-21,2020-01-19,2200-01-01
CUST0184,risk_tier,C,2020-06-21,2021-01-07,2020-06-24,2200-01-01
CUST0184,risk_tier,C,2021-01-07,2021-02-12,2021-01-12,2200-01-01
CUST0184,risk_tier,B,2021-02-12,2024-12-31,2021-02-14,2200-01-01
CUST0184,sector,Materials,2020-01-01,2021-08-01,2020-01-12,2200-01-01
CUST0184,sector,Industrials,2021-08-01,2021-09-13,2021-08-10,2200-01-01
CUST0184,sector,Healthcare,2021-09-13,2022-01-26,2021-09-30,2200-01-01
CUST0184,sector,Energy,2022-01-26,2024-12-31,2022-02-11,2200-01-01
CUST0185,risk_tier,C,2020-01-01,2020-09-19,2020-01-07,2200-01-01
CUST0185,risk_tier,A,2020-09-19,2021-09-13,2020-09-19,2200-01-01
CUST0185,risk_tier,B,2021-09-13,2024-12-31,2021-09-29,2200-01-01
CUST0185,sector,Technology,2020-01-01,2020-05-12,2020-01-03,2020-12-15
CUST0185,sector,Financials,2020-01-01,2020-05-12,2020-12-15,2022-01-14
CUST0185,sector,Energy,2020-01-01,2020-05-12,2022-01-14,2200-01-01
CUST0185,sector,Healthcare,2020-05-12,2023-09-24,2020-06-10,2200-01-01
CUST0185,sector,Technology,2023-09-24,2023-12-20,2023-10-11,2200-01-01
CUST0185,sector,Industrials,2023-12-20,2024-12-31,2024-01-10,2200-01-01
CUST0186,risk_tier,C,2020-01-01,2021-03-26,2020-01-17,2200-01-01
CUST0186,risk_tier,C,2021-03-26,2024-12-31,2021-04-14,2200-01-01
CUST0186,sector,Industrials,2020-01-01,2022-02-26,2020-01-31,2023-01-19
CUST0186,sector,Industrials,2020-01-01,2020-10-02,2023-01-19,2200-01-01
CUST0186,sector,Financials,2020-10-02,2021-08-13,2023-01-19,2200-01-01
CUST0186,sector,Industrials,2021-08-13,2022-02-26,2023-01-19,2200-01-01
CUST0186,sector,Healthcare,2022-02-26,2024-12-31,2022-03-09,2200-01-01
CUST0187,risk_tier,A,2020-01-01,2020-08-24,2020-01-19,2200-01-01
CUST0187,risk_tier,C,2020-08-24,2023-07-18,2020-09-07,2200-01-01
CUST0187,risk_tier,B,2023-07-18,2024-12-31,2023-07-18,2200-01-01
CUST0187,sector,Healthcare,2020-01-01,2024-03-04,2020-01-07,2200-01-01
CUST0187,sector,Industrials,2024-03-04,2024-12-31,2024-03-28,2200-01-01
CUST0188,risk_tier,C,2020-01-01,2020-12-10,2020-01-30,2200-01-01
CUST0188,risk_tier,B,2020-12-10,2022-06-20,2021-01-09,2200-01-01
CUST0188,risk_tier,C,2022-06-20,2024-04-24,2022-06-29,2200-01-01
CUST0188,risk_tier,A,2024-04-24,2024-12-31,2024-05-12,2200-01-01
CUST0188,sector,Financials,2020-01-01,2021-12-04,2020-01-30,2200-01-01
CUST0188,sector,Financials,2021-12-04,2024-01-18,2021-12-05,2024-09-20
CUST0188,sector,Technology,2021-12-04,2024-01-18,2024-09-20,2200-01-01
CUST0188,sector,Industrials,2024-01-18,2024-12-31,2024-01-20,2200-01-01
CUST0189,risk_tier,A,2020-01-01,2021-06-15,2020-01-27,2200-01-01
CUST0189,risk_tier,A,2021-06-15,2024-06-04,2021-06-25,2200-01-01
CUST0189,risk_tier,A,2024-06-04,2024-12-31,2024-06-10,2200-01-01
CUST0189,sector,Industrials,2020-01-01,2021-04-15,2020-01-27,2200-01-01
CUST0189,sector,Energy,2021-04-15,2023-08-19,2021-04-20,2200-01-01
CUST0189,sector,Technology,2023-08-19,2024-06-22,2023-08-26,2200-01-01
CUST0189,sector,Healthcare,2024-06-22,2024-12-31,2024-07-17,2200-01-01
CUST0190,risk_tier,B,2020-01-01,2020-07-26,2020-01-05,2200-01-01
CUST0190,risk_tier,B,2020-07-26,2024-12-31,2020-08-18,2200-01-01
CUST0190,sector,Energy,2020-01-01,2021-08-29,2020-01-28,2200-01-01
CUST0190,sector,Materials,2021-08-29,2024-12-31,2021-09-04,2200-01-01
CUST0191,risk_tier,C,2020-01-01,2021-11-12,2020-01-09,2200-01-01
CUST0191,risk_tier,B,2021-11-12,2022-02-03,2021-12-06,2200-01-01
CUST0191,risk_tier,B,2022-02-03,2024-02-17,2022-03-05,2200-01-01
CUST0191,risk_tier,A,2024-02-17,2024-12-31,2024-02-29,2200-01-01
CUST0191,sector,Healthcare,2020-01-01,2022-10-12,2020-01-09,2200-01-01
CUST0191,sector,Materials,2022-10-12,2024-12-31,2022-10-30,2025-07-13
CUST0191,sector,Financials,2022-10-12,2024-12-31,2025-07-13,2026-08-13
CUST0191,sector,Healthcare,2022-10-12,2024-12-31,2026-08-13,2200-01-01
CUST0192,risk_tier,C,2020-01-01,2023-11-08,2020-01-26,2200-01-01
CUST0192,risk_tier,A,2023-11-08,2024-12-31,2023-11-09,2200-01-01
CUST0192,sector,Healthcare,2020-01-01,2021-12-10,2020-01-15,2023-03-29
CUST0192,sector,Healthcare,2020-01-01,2020-09-05,2023-03-29,2200-01-01
CUST0192,sector,Financials,2020-09-05,2021-06-15,2023-03-29,2200-01-01
CUST0192,sector,Healthcare,2021-06-15,2021-12-10,2023-03-29,2200-01-01
CUST0192,sector,Energy,2021-12-10,2024-12-31,2021-12-14,2200-01-01
CUST0193,risk_tier,B,2020-01-01,2023-11-07,2020-01-10,2200-01-01
CUST0193,risk_tier,B,2023-11-07,2024-06-06,2023-11-15,2200-01-01
CUST0193,risk_tier,C,2024-06-06,2024-12-31,2024-06-20,2200-01-01
CUST0193,sector,Technology,2020-01-01,2022-04-01,2020-01-25,2200-01-01
CUST0193,sector,Energy,2022-04-01,2024-03-20,2022-04-25,2200-01-01
CUST0193,sector,Healthcare,2024-03-20,2024-08-26,2024-04-02,2200-01-01
CUST0193,sector,Healthcare,2024-08-26,2024-12-31,2024-08-28,2200-01-01
CUST0194,risk_tier,C,2020-01-01,2023-07-17,2020-01-05,2200-01-01
CUST0194,risk_tier,A,2023-07-17,2024-12-31,2023-08-12,2200-01-01
CUST0194,sector,Technology,2020-01-01,2020-04-30,2020-01-12,2200-01-01
CUST0194,sector,Energy,2020-04-30,2021-03-18,2020-05-06,2200-01-01
CUST0194,sector,Financials,2021-03-18,2023-03-04,2021-04-13,2200-01-01
CUST0194,sector,Technology,2023-03-04,2024-12-31,2023-03-17,2200-01-01
CUST0195,risk_tier,C,2020-01-01,2020-12-27,2020-01-03,2200-01-01
CUST0195,risk_tier,A,2020-12-27,2022-07-01,2021-01-13,2200-01-01
CUST0195,risk_tier,C,2022-07-01,2024-02-16,2022-07-09,2200-01-01
CUST0195,risk_tier,A,2024-02-16,2024-12-31,2024-02-28,2200-01-01
CUST0195,sector,Materials,2020-01-01,2022-09-03,2020-01-14,2200-01-01
CUST0195,sector,Industrials,2022-09-03,2023-12-29,2022-09-04,2200-01-01
CUST0195,sector,Healthcare,2023-12-29,2024-12-31,2023-12-31,2200-01-01
CUST0196,risk_tier,C,2020-01-01,2022-02-20,2020-01-28,2200-01-01
CUST0196,risk_tier,A,2022-02-20,2023-05-21,2022-03-13,2200-01-01
CUST0196,risk_tier,A,2023-05-21,2023-07-11,2023-05-23,2200-01-01
CUST0196,risk_tier,B,2023-07-11,2024-12-31,2023-07-29,2200-01-01
CUST0196,sector,Technology,2020-01-01,2020-11-03,2020-01-11,2021-08-10
CUST0196,sector,Energy,2020-01-01,2020-11-03,2021-08-10,2200-01-01
CUST0196,sector,Industrials,2020-11-03,2024-12-31,2020-11-17,2200-01-01
CUST0197,risk_tier,A,2020-01-01,2021-03-08,2020-01-29,2200-01-01
CUST0197,risk_tier,C,2021-03-08,2023-02-17,2021-03-18,2200-01-01
CUST0197,risk_tier,B,2023-02-17,2024-02-07,2023-02-19,2200-01-01
CUST0197,risk_tier,C,2024-02-07,2024-12-31,2024-03-08,2200-01-01
CUST0197,sector,Materials,2020-01-01,2021-07-10,2020-01-13,2200-01-01
CUST0197,sector,Energy,2021-07-10,2022-10-09,2021-07-11,2200-01-01
CUST0197,sector,Energy,2022-10-09,2023-02-01,2022-10-20,2200-01-01
CUST0197,sector,Industrials,2023-02-01,2024-12-31,2023-03-03,2200-01-01
CUST0198,risk_tier,C,2020-01-01,2021-11-06,2020-01-12,2200-01-01
CUST0198,risk_tier,C,2021-11-06,2024-05-13,2021-11-10,2200-01-01
CUST0198,risk_tier,C,2024-05-13,2024-12-31,2024-06-12,2200-01-01
CUST0198,sector,Technology,2020-01-01,2024-03-26,2020-01-02,2200-01-01
CUST0198,sector,Energy,2024-03-26,2024-04-03,2024-04-04,2025-08-11
CUST0198,sector,Materials,2024-03-26,2024-04-03,2025-08-11,2200-01-01
CUST0198,sector,Financials,2024-04-03,2024-12-31,2024-04-11,2200-01-01
CUST0199,risk_tier,A,2020-01-01,2023-12-08,2020-01-21,2200-01-01
CUST0199,risk_tier,B,2023-12-08,2024-12-31,2023-12-22,2200-01-01
CUST0199,sector,Healthcare,2020-01-01,2023-12-11,2020-01-05,2200-01-01
CUST0199,sector,Financials,2023-12-11,2024-12-31,2023-12-13,2200-01-01
